Id,ActivityDate,TotalSteps,TotalDistance,VeryActiveDistance,ModeratelyActiveDistance,LightActiveDistance,VeryActiveMinutes,FairlyActiveMinutes,LightlyActiveMinutes,SedentaryMinutes,Calories
1503960366,2016-03-25,11004,7.11,2.57,0.46,4.07,33,12,205,804,1819
1503960366,2016-03-26,17609,11.55,6.92,0.73,3.91,89,17,274,588,2154
1503960366,2016-03-27,12736,8.53,4.66,0.16,3.71,56,5,268,605,1944
1503960366,2016-03-28,13231,8.93,3.19,0.79,4.95,39,20,224,1080,1932
1503960366,2016-03-29,12041,7.85,2.16,1.09,4.61,28,28,243,763,1886
1503960366,2016-03-30,10970,7.16,2.36,0.51,4.29,30,13,223,1174,1820
1503960366,2016-03-31,12256,7.86,2.29,0.49,5.04,33,12,239,820,1889
1503960366,2016-04-01,12262,7.87,3.32,0.83,3.64,47,21,200,866,1868
1503960366,2016-04-02,11248,7.25,3.0,0.45,3.74,40,11,244,636,1843
1503960366,2016-04-03,10016,6.37,0.91,1.28,4.18,15,30,314,655,1850
1503960366,2016-04-04,14557,9.8,3.39,0.7,5.69,43,18,285,757,2030
1503960366,2016-04-05,14844,9.73,2.94,0.76,6.04,36,18,341,736,2083
1503960366,2016-04-06,11974,7.67,2.04,0.48,5.15,27,12,228,1173,1861
1503960366,2016-04-07,10198,6.44,1.2,0.79,4.45,17,20,195,1208,1755
1503960366,2016-04-08,12521,7.94,3.31,0.9,3.74,46,22,212,1160,1895
1503960366,2016-04-09,12432,8.1,2.59,0.59,4.92,32,15,248,738,1883
1503960366,2016-04-10,10057,6.98,4.0,0.49,2.48,44,13,168,737,1755
1503960366,2016-04-11,10990,7.26,2.04,0.57,4.65,26,14,216,855,1811
1503960366,2016-04-12,224,0.14,0.0,0.0,0.13,0,0,9,32,50
1624580081,2016-03-25,1810,1.18,0.0,0.0,1.13,0,0,121,1319,1373
1624580081,2016-03-26,815,0.53,0.0,0.0,0.53,0,0,47,1393,1264
1624580081,2016-03-27,1985,1.29,0.0,0.0,1.28,0,0,112,1328,1350
1624580081,2016-03-28,1905,1.24,0.0,0.0,1.24,0,0,95,1345,1342
1624580081,2016-03-29,1552,1.01,0.0,0.0,1.0,0,0,66,1374,1300
1624580081,2016-03-30,1675,1.09,0.0,0.0,1.09,0,0,84,1356,1313
1624580081,2016-03-31,4506,2.93,0.51,0.27,2.15,7,4,144,1285,1498
1624580081,2016-04-01,9218,5.99,0.0,0.0,5.97,0,0,221,1219,1541
1624580081,2016-04-02,1556,1.01,0.0,0.0,1.01,0,0,88,1352,1327
1624580081,2016-04-03,2910,1.89,0.0,0.0,1.88,0,0,157,1283,1452
1624580081,2016-04-04,18464,12.0,0.0,0.0,12.0,0,0,270,1170,1574
1624580081,2016-04-05,1335,0.87,0.0,0.0,0.87,0,0,74,1366,1308
1624580081,2016-04-06,1004,0.65,0.0,0.0,0.65,0,0,55,1385,1276
1624580081,2016-04-07,1111,0.72,0.0,0.0,0.72,0,0,54,1386,1278
1624580081,2016-04-08,6344,4.12,0.0,0.0,4.1,0,0,143,1297,1409
1624580081,2016-04-09,3572,2.32,0.0,0.0,2.29,0,0,122,1318,1370
1624580081,2016-04-10,3910,2.54,0.47,0.25,1.81,7,7,186,1240,1555
1624580081,2016-04-11,10000,6.5,0.0,0.0,6.5,0,0,172,1268,1469
1624580081,2016-04-12,6627,4.31,0.0,0.0,4.31,0,0,89,604,706
1644430081,2016-04-01,4636,3.41,0.0,0.78,2.6,0,16,586,838,3323
1644430081,2016-04-02,20237,14.71,2.57,6.4,5.73,34,141,347,918,4029
1644430081,2016-04-03,12912,9.41,4.83,0.77,3.79,59,16,283,1082,3436
1644430081,2016-04-04,2819,2.05,0.31,0.17,1.56,4,4,87,1345,2444
1644430081,2016-04-05,9921,7.21,0.34,1.52,5.36,5,35,219,1181,3098
1644430081,2016-04-06,8046,5.85,1.29,2.12,2.45,18,41,137,1244,2925
1644430081,2016-04-07,11166,8.12,0.21,2.41,5.5,3,58,230,1149,3202
1644430081,2016-04-08,7842,5.7,0.48,2.41,2.81,7,43,161,1229,2928
1644430081,2016-04-09,13840,10.06,1.31,3.72,5.03,18,81,192,1149,3290
1644430081,2016-04-10,1329,0.97,0.0,0.0,0.97,0,0,35,207,489
1844505072,2016-04-01,6847,4.53,0.61,0.37,3.55,9,9,251,1171,1969
1844505072,2016-04-02,5367,3.55,0.0,0.0,3.55,0,0,263,1177,1889
1844505072,2016-04-03,2841,1.88,0.0,0.0,1.88,0,0,136,1114,1636
1844505072,2016-04-04,0,0.0,0.0,0.0,0.0,0,0,0,669,1347
1844505072,2016-04-05,0,0.0,0.0,0.0,0.0,0,0,0,1440,1347
1844505072,2016-04-06,7,0.0,0.0,0.0,0.0,0,0,1,1439,1349
1844505072,2016-04-07,6344,4.19,0.0,0.0,4.19,0,0,290,1150,1965
1844505072,2016-04-08,5316,3.51,0.0,0.0,3.51,0,0,221,1219,1824
1844505072,2016-04-09,4979,3.29,0.0,0.0,3.29,0,0,184,620,1807
1844505072,2016-04-10,6556,4.34,0.0,0.0,4.33,0,0,305,810,1971
1844505072,2016-04-11,5430,3.59,0.0,0.0,3.59,0,0,251,1189,1888
1844505072,2016-04-12,0,0.0,0.0,0.0,0.0,0,0,0,426,399
1927972279,2016-04-01,4317,2.99,0.0,0.37,2.62,0,11,192,854,2590
1927972279,2016-04-02,5662,3.92,0.0,0.0,3.92,0,0,267,858,2783
1927972279,2016-04-03,3198,2.21,0.0,0.0,2.21,0,0,146,1183,2449
1927972279,2016-04-04,2352,1.63,0.0,0.0,1.63,0,0,128,829,2380
1927972279,2016-04-05,2234,1.55,0.0,0.0,1.55,0,0,108,912,2344
1927972279,2016-04-06,1259,0.87,0.0,0.0,0.87,0,0,73,938,2202
1927972279,2016-04-07,768,0.53,0.0,0.0,0.53,0,0,43,1397,2130
1927972279,2016-04-08,519,0.36,0.0,0.0,0.36,0,0,34,1406,2088
1927972279,2016-04-09,2523,1.75,0.0,0.37,1.38,0,9,134,1250,2443
1927972279,2016-04-10,2105,1.46,0.0,0.0,1.46,0,0,139,805,2442
1927972279,2016-04-11,1209,0.84,0.0,0.0,0.84,0,0,73,842,2255
1927972279,2016-04-12,24,0.02,0.0,0.0,0.02,0,0,3,161,942
2022484408,2016-04-01,13603,9.6,5.46,0.63,3.51,72,16,213,1139,2645
2022484408,2016-04-02,5477,3.84,0.0,0.0,3.84,0,0,237,1203,2040
2022484408,2016-04-03,11144,7.82,1.79,0.89,5.14,25,22,279,1114,2395
2022484408,2016-04-04,15313,11.0,5.02,1.29,4.69,62,19,233,1126,2581
2022484408,2016-04-05,10805,7.59,0.72,0.98,5.89,36,37,298,1069,2735
2022484408,2016-04-06,15392,10.93,3.43,1.75,5.75,47,42,258,1093,2733
2022484408,2016-04-07,18247,13.83,7.11,2.21,4.51,72,62,252,1054,3021
2022484408,2016-04-08,13023,9.26,3.23,0.56,5.47,40,12,296,1092,2577
2022484408,2016-04-09,16267,12.59,5.75,0.47,6.37,44,16,302,1078,2811
2022484408,2016-04-10,10005,7.02,0.08,1.05,5.9,1,23,339,1077,2458
2022484408,2016-04-11,10106,7.09,1.21,0.56,5.33,41,16,272,1111,2568
2022484408,2016-04-12,6717,4.72,3.23,0.22,1.27,41,5,67,551,1140
2026352035,2016-04-01,2605,1.62,0.0,0.0,1.62,0,0,166,729,1407
2026352035,2016-04-02,1229,0.76,0.0,0.0,0.76,0,0,69,795,1237
2026352035,2016-04-03,2308,1.43,0.0,0.0,1.43,0,0,115,720,1330
2026352035,2016-04-04,6679,4.14,0.0,0.0,4.14,0,0,263,644,1583
2026352035,2016-04-05,5645,3.5,0.0,0.0,3.5,0,0,248,621,1538
2026352035,2016-04-06,3180,1.97,0.0,0.0,1.97,0,0,185,738,1421
2026352035,2016-04-07,2767,1.72,0.0,0.0,1.72,0,0,170,673,1392
2026352035,2016-04-08,3762,2.33,0.0,0.0,2.33,0,0,173,719,1425
2026352035,2016-04-09,3098,1.92,0.0,0.0,1.92,0,0,185,700,1413
2026352035,2016-04-10,5142,3.19,0.0,0.0,3.19,0,0,230,654,1515
2026352035,2016-04-11,3279,2.03,0.0,0.0,2.03,0,0,164,694,1405
2026352035,2016-04-12,1019,0.63,0.0,0.0,0.63,0,0,64,223,600
2320127002,2016-04-01,0,0.0,0.0,0.0,0.0,0,0,0,1440,1324
2320127002,2016-04-02,0,0.0,0.0,0.0,0.0,0,0,0,1440,1324
2320127002,2016-04-03,0,0.0,0.0,0.0,0.0,0,0,0,1440,1324
2320127002,2016-04-04,0,0.0,0.0,0.0,0.0,0,0,0,1440,1324
2320127002,2016-04-05,4931,3.32,0.0,0.0,3.32,0,0,175,1265,1708
2320127002,2016-04-06,6999,4.72,0.0,0.0,4.72,0,0,320,1120,1950
2320127002,2016-04-07,1846,1.24,0.0,0.0,1.24,0,0,93,1347,1508
2320127002,2016-04-08,3417,2.3,0.0,0.0,2.3,0,0,153,1287,1625
2320127002,2016-04-09,4863,3.28,0.06,0.42,2.8,1,11,208,1220,1772
2320127002,2016-04-10,2277,1.53,0.0,0.0,1.53,0,0,103,1337,1530
2320127002,2016-04-11,11230,7.67,0.89,0.12,6.66,10,2,390,1038,2206
2320127002,2016-04-12,2098,1.41,0.0,0.0,1.41,0,0,69,617,790
2347167796,2016-03-29,10272,6.79,0.16,3.12,3.5,2,58,208,700,2041
2347167796,2016-03-30,10533,7.1,1.77,2.06,3.27,21,35,255,615,2187
2347167796,2016-03-31,6760,4.47,0.0,0.0,4.47,0,0,250,613,1929
2347167796,2016-04-01,8328,5.51,0.0,2.0,3.5,0,33,212,804,1935
2347167796,2016-04-02,15459,10.22,3.59,0.81,5.82,51,16,327,583,2438
2347167796,2016-04-03,7485,4.95,0.0,0.0,4.95,0,0,324,491,2035
2347167796,2016-04-04,10254,6.8,1.42,1.23,4.16,21,25,231,638,2099
2347167796,2016-04-05,10114,6.82,1.64,0.48,4.68,18,9,269,696,2096
2347167796,2016-04-06,11107,7.34,0.9,2.76,3.68,14,46,196,759,2058
2347167796,2016-04-07,10320,6.85,0.68,1.23,4.94,15,32,315,1002,2338
2347167796,2016-04-08,10209,6.75,0.16,0.35,6.23,2,6,316,711,2104
2347167796,2016-04-09,16081,10.63,1.25,1.82,7.56,16,32,401,970,2488
2347167796,2016-04-10,10078,6.83,1.02,0.12,5.69,12,3,303,463,2164
2347167796,2016-04-11,10001,6.61,0.33,2.93,3.36,5,52,196,788,2009
2347167796,2016-04-12,0,0.0,0.0,0.0,0.0,0,0,0,425,399
2873212765,2016-04-01,890,0.6,0.0,0.0,0.6,0,0,41,1399,1335
2873212765,2016-04-02,2214,1.49,0.0,0.0,1.49,0,0,197,1243,1559
2873212765,2016-04-03,7640,5.13,0.19,0.8,4.15,3,15,315,1107,1845
2873212765,2016-04-04,9713,6.53,0.34,0.89,5.29,6,24,355,1055,2046
2873212765,2016-04-05,8432,5.67,0.0,0.0,5.65,0,0,374,1066,1953
2873212765,2016-04-06,7350,4.94,0.0,0.0,4.94,0,0,382,1058,1910
2873212765,2016-04-07,9353,6.31,0.37,0.69,5.24,5,17,363,1055,2035
2873212765,2016-04-08,7157,4.81,0.0,0.0,4.81,0,0,380,1060,1944
2873212765,2016-04-09,14103,9.56,3.02,0.41,6.14,46,8,288,1098,2257
2873212765,2016-04-10,5290,3.55,0.04,0.34,3.17,1,8,251,1180,1724
2873212765,2016-04-11,7497,5.04,0.0,0.0,5.04,0,0,357,882,1741
2873212765,2016-04-12,0,0.0,0.0,0.0,0.0,0,0,0,1440,0
2891001357,2016-03-29,0,0.0,0.0,0.0,0.0,0,0,0,1440,1920
2891001357,2016-03-30,0,0.0,0.0,0.0,0.0,0,0,0,1440,1920
2891001357,2016-03-31,0,0.0,0.0,0.0,0.0,0,0,0,1440,1920
2891001357,2016-04-01,0,0.0,0.0,0.0,0.0,0,660,0,780,4562
2891001357,2016-04-02,4126,3.22,0.0,0.0,3.22,0,0,720,720,2881
2891001357,2016-04-03,0,0.0,0.0,0.0,0.0,0,0,0,1440,1920
2891001357,2016-04-04,0,0.0,0.0,0.0,0.0,0,0,0,1440,1920
2891001357,2016-04-05,2063,1.61,0.0,0.0,1.61,0,0,630,99,1144
3372868164,2016-04-01,5785,3.95,0.0,0.0,3.91,0,0,311,1129,1852
3372868164,2016-04-02,7625,5.23,1.68,0.04,3.5,24,1,341,1074,2069
3372868164,2016-04-03,4706,3.21,0.0,0.0,3.21,0,0,299,1141,1816
3372868164,2016-04-04,5861,4.02,1.3,0.22,2.49,20,7,233,1180,1878
3372868164,2016-04-05,4460,3.04,0.0,0.0,3.02,0,0,248,1192,1787
3372868164,2016-04-06,6406,4.39,0.78,0.09,3.52,17,4,325,1094,2010
3372868164,2016-04-07,7392,5.1,0.87,0.16,4.05,14,9,332,1085,2038
3372868164,2016-04-08,5551,3.79,0.0,0.0,3.77,0,0,282,1158,1815
3372868164,2016-04-09,8827,6.25,1.77,0.48,4.0,21,10,346,1063,2062
3372868164,2016-04-10,4662,3.18,1.04,0.15,1.99,22,4,152,735,1276
3977333714,2016-04-01,4499,3.01,0.0,0.0,3.01,0,0,168,842,1288
3977333714,2016-04-02,7618,5.1,0.0,0.18,4.91,0,6,302,842,1490
3977333714,2016-04-03,11508,7.7,2.17,0.84,4.69,29,22,282,748,1630
3977333714,2016-04-04,11943,7.99,1.03,2.01,4.95,16,43,297,710,1648
3977333714,2016-04-05,12303,8.23,1.71,1.35,5.17,26,32,291,605,1649
3977333714,2016-04-06,15425,10.32,1.62,1.82,6.87,24,45,331,614,1783
3977333714,2016-04-07,8422,5.63,0.0,3.6,2.04,0,81,139,815,1431
3977333714,2016-04-08,10226,6.84,0.0,4.44,2.4,0,101,174,685,1524
3977333714,2016-04-09,14583,9.76,2.48,1.74,5.53,35,36,254,697,1697
3977333714,2016-04-10,3573,2.39,0.94,0.41,0.97,15,8,99,866,1232
3977333714,2016-04-11,3108,2.14,0.07,0.04,1.96,1,1,129,894,1223
3977333714,2016-04-12,759,0.57,0.0,0.0,0.57,0,0,17,187,182
4020332650,2016-03-12,5543,3.97,0.0,0.0,3.96,0,0,254,757,2990
4020332650,2016-03-13,3226,2.31,0.0,0.0,2.28,0,0,136,771,2480
4020332650,2016-03-14,3023,2.17,0.0,0.0,2.14,0,0,145,1005,2570
4020332650,2016-03-15,5906,4.23,0.0,0.16,4.04,0,10,215,874,3016
4020332650,2016-03-16,12483,8.99,1.45,0.57,6.9,25,14,309,599,3830
4020332650,2016-03-17,8940,6.41,0.0,0.0,0.61,0,0,47,986,3706
4020332650,2016-03-18,368,0.26,0.0,0.0,0.0,0,0,0,1440,2024
4020332650,2016-03-19,5702,4.09,0.0,0.0,0.0,0,0,0,1440,2980
4020332650,2016-03-20,10330,7.41,0.0,0.0,0.0,0,0,0,1440,3728
4020332650,2016-03-21,8778,6.29,0.0,0.0,0.0,0,0,0,1440,3348
4020332650,2016-03-22,6662,4.78,0.0,0.0,0.0,0,0,0,1440,3162
4020332650,2016-03-23,6309,4.52,0.0,0.0,0.0,0,0,0,1440,3140
4020332650,2016-03-24,1951,1.41,0.0,0.0,0.0,0,0,0,1440,1980
4020332650,2016-03-25,5563,3.99,0.0,0.0,0.0,0,0,0,1440,3681
4020332650,2016-03-26,4370,3.13,0.0,0.0,0.0,0,0,0,1440,3444
4020332650,2016-03-27,7144,5.12,0.0,0.0,0.0,0,0,0,1440,3510
4020332650,2016-03-28,2106,1.51,0.02,0.05,0.21,31,45,75,1289,4010
4020332650,2016-03-29,4152,2.98,0.0,0.0,2.96,0,0,187,1253,2976
4020332650,2016-03-30,5400,3.87,0.0,0.0,3.85,0,0,258,795,3418
4020332650,2016-03-31,7428,5.33,0.87,0.92,3.51,18,33,261,860,3439
4020332650,2016-04-01,5351,3.84,0.62,0.18,3.01,15,17,210,748,3338
4020332650,2016-04-02,4299,3.1,0.09,0.21,2.74,3,15,162,752,2892
4020332650,2016-04-03,6107,4.38,0.0,0.0,4.36,0,0,265,776,3313
4020332650,2016-04-04,6429,4.6,0.0,0.95,3.65,0,28,193,741,3118
4020332650,2016-04-05,6880,4.93,0.5,0.76,3.65,7,19,165,1249,2966
4020332650,2016-04-06,7476,5.36,0.0,0.0,5.31,0,0,263,920,3253
4020332650,2016-04-07,6581,4.72,0.0,0.29,4.39,0,8,241,1191,3032
4020332650,2016-04-08,10480,7.51,0.41,1.47,5.01,6,37,272,1125,4034
4020332650,2016-04-09,7734,5.55,1.16,0.49,3.82,20,12,223,1185,3264
4020332650,2016-04-10,5129,3.68,0.18,0.24,3.21,5,7,176,1178,2817
4020332650,2016-04-11,2993,2.15,0.0,0.0,2.09,0,0,114,888,2507
4020332650,2016-04-12,8,0.01,0.0,0.0,0.01,0,0,1,321,446
4057192912,2016-03-12,0,0.0,0.0,0.0,0.0,0,0,0,1440,1777
4057192912,2016-03-13,0,0.0,0.0,0.0,0.0,0,0,0,1440,1777
4057192912,2016-03-14,8433,6.23,2.45,0.33,3.44,30,7,135,1268,2453
4057192912,2016-03-15,0,0.0,0.0,0.0,0.0,0,0,0,1440,1776
4057192912,2016-03-16,2139,1.56,0.0,1.3,0.26,0,28,15,1397,1935
4057192912,2016-03-17,0,0.0,0.0,0.0,0.0,0,0,0,1440,1776
4057192912,2016-03-18,949,0.69,0.0,0.0,0.69,0,0,34,1406,1870
4057192912,2016-03-19,0,0.0,0.0,0.0,0.0,0,0,0,1440,1777
4057192912,2016-03-20,44,0.03,0.0,0.0,0.03,0,0,2,1438,1782
4057192912,2016-03-21,2660,1.94,0.0,0.0,1.94,0,0,46,1394,1978
4057192912,2016-03-22,5561,4.19,0.0,0.0,4.07,0,0,169,1271,2296
4057192912,2016-03-23,7239,5.34,0.55,0.36,4.38,7,7,190,1236,2484
4057192912,2016-03-24,7,0.01,0.0,0.0,0.01,0,0,1,1439,1787
4057192912,2016-03-25,0,0.0,0.0,0.0,0.0,0,0,0,1440,1776
4057192912,2016-03-26,0,0.0,0.0,0.0,0.0,0,0,0,1440,1776
4057192912,2016-03-27,2275,1.68,0.0,0.0,1.66,0,0,86,1354,2005
4057192912,2016-03-28,8,0.01,0.0,0.0,0.01,0,0,1,1439,1778
4057192912,2016-03-29,5137,3.76,0.0,0.0,3.76,0,0,160,1280,2293
4057192912,2016-03-30,5419,4.0,0.0,0.0,3.91,0,0,145,1295,2259
4057192912,2016-03-31,0,0.0,0.0,0.0,0.0,0,0,0,1440,1776
4057192912,2016-04-01,0,0.0,0.0,0.0,0.0,0,0,0,1440,1776
4057192912,2016-04-02,0,0.0,0.0,0.0,0.0,0,0,0,1440,1776
4057192912,2016-04-03,0,0.0,0.0,0.0,0.0,0,0,0,1440,1776
4057192912,2016-04-04,0,0.0,0.0,0.0,0.0,0,0,0,1440,1776
4057192912,2016-04-05,0,0.0,0.0,0.0,0.0,0,0,0,1440,1776
4057192912,2016-04-06,18,0.01,0.0,0.0,0.01,0,0,2,1438,1780
4057192912,2016-04-07,4,0.0,0.0,0.0,0.0,0,0,1,1439,1778
4057192912,2016-04-08,8426,6.16,0.13,5.49,0.54,2,120,25,1293,2360
4057192912,2016-04-09,1650,1.21,0.0,0.0,1.21,0,0,60,1380,1952
4057192912,2016-04-10,3434,2.51,0.07,0.3,2.14,1,7,108,1324,2101
4057192912,2016-04-11,6801,4.98,0.0,0.0,4.97,0,0,193,1247,2393
4057192912,2016-04-12,187,0.14,0.0,0.0,0.14,0,0,11,400,538
4319703577,2016-03-29,5643,3.79,0.23,0.33,3.23,3,8,199,683,1958
4319703577,2016-03-30,9043,6.07,0.25,0.43,5.37,4,12,244,702,2141
4319703577,2016-03-31,8144,5.46,0.25,0.61,4.61,4,17,247,1125,2129
4319703577,2016-04-01,9343,6.27,0.96,0.85,4.46,14,20,268,654,2216
4319703577,2016-04-02,8405,5.66,1.13,0.19,4.34,15,4,257,621,2154
4319703577,2016-04-03,8223,5.52,0.8,1.51,3.21,12,37,257,551,2178
4319703577,2016-04-04,10067,6.76,0.36,1.42,4.97,5,39,313,578,2308
4319703577,2016-04-05,8359,5.63,0.23,0.53,4.87,3,14,311,638,2201
4319703577,2016-04-06,10946,7.35,0.54,2.09,4.72,8,51,308,569,2341
4319703577,2016-04-07,9130,6.15,0.5,0.38,5.27,7,11,304,668,2236
4319703577,2016-04-08,6544,4.41,0.29,0.26,3.86,4,6,276,1132,2069
4319703577,2016-04-09,0,0.0,0.0,0.0,0.0,0,0,0,1440,0
4388161847,2016-03-29,0,0.0,0.0,0.0,0.0,0,0,0,1440,1878
4388161847,2016-03-30,0,0.0,0.0,0.0,0.0,0,0,0,1440,1878
4388161847,2016-03-31,0,0.0,0.0,0.0,0.0,0,0,0,1440,1878
4388161847,2016-04-01,0,0.0,0.0,0.0,0.0,0,0,0,1440,1878
4388161847,2016-04-02,0,0.0,0.0,0.0,0.0,0,0,0,1440,1878
4388161847,2016-04-03,0,0.0,0.0,0.0,0.0,0,0,0,1440,1878
4388161847,2016-04-04,0,0.0,0.0,0.0,0.0,0,0,0,1440,1878
4388161847,2016-04-05,0,0.0,0.0,0.0,0.0,0,0,0,994,1296
4445114986,2016-03-29,2303,1.55,0.0,0.0,1.55,0,0,155,807,2010
4445114986,2016-03-30,2600,1.74,0.0,0.0,1.74,0,0,163,1277,2032
4445114986,2016-03-31,4804,3.22,0.0,0.0,3.22,0,0,238,786,2227
4445114986,2016-04-01,3271,2.19,0.0,0.0,2.19,0,0,205,898,2133
4445114986,2016-04-02,5406,3.63,0.0,0.0,3.61,0,0,273,672,2317
4445114986,2016-04-03,3146,2.11,0.0,0.0,2.11,0,0,171,1269,2058
4445114986,2016-04-04,2422,1.63,0.0,0.0,1.63,0,0,110,1330,1935
4445114986,2016-04-05,4239,2.84,0.06,0.24,2.53,1,6,235,702,2217
4445114986,2016-04-06,6911,4.78,2.32,0.1,2.36,28,2,215,745,2374
4445114986,2016-04-07,6667,4.61,2.02,0.05,2.55,24,1,208,939,2335
4445114986,2016-04-08,5543,3.72,0.0,0.0,3.72,0,0,266,941,2303
4445114986,2016-04-09,4195,2.81,0.0,0.0,2.81,0,0,239,758,2210
4445114986,2016-04-10,6625,4.45,0.0,0.0,4.45,0,0,316,755,2424
4445114986,2016-04-11,5986,4.13,1.95,0.23,1.95,23,5,195,789,2297
4445114986,2016-04-12,278,0.19,0.0,0.0,0.19,0,0,20,253,745
4558609924,2016-04-01,5336,3.53,0.0,0.0,3.53,0,0,258,1182,1902
4558609924,2016-04-02,3183,2.1,0.0,0.0,2.1,0,0,173,1180,1680
4558609924,2016-04-03,6176,4.08,0.07,0.26,3.75,1,7,269,886,1901
4558609924,2016-04-04,8205,5.42,0.0,0.0,5.42,0,0,367,1073,2078
4558609924,2016-04-05,6799,4.49,1.59,0.86,2.04,24,14,185,1217,1876
4558609924,2016-04-06,5668,3.75,0.0,0.0,3.75,0,0,259,1181,1853
4558609924,2016-04-07,7998,5.29,0.51,0.25,4.53,27,12,296,1105,2235
4558609924,2016-04-08,4195,2.77,0.0,0.0,2.77,0,0,241,1199,1778
4558609924,2016-04-09,5512,3.64,0.0,0.0,3.64,0,0,276,1164,1882
4558609924,2016-04-10,6263,4.14,0.0,0.0,4.13,0,0,290,1150,1906
4558609924,2016-04-11,8828,5.84,0.0,0.0,5.84,0,0,308,1132,2149
4558609924,2016-04-12,1260,0.83,0.0,0.0,0.82,0,0,76,555,722
4702921684,2016-03-29,6506,5.28,0.33,0.27,4.67,4,5,241,760,2886
4702921684,2016-03-30,7583,6.15,0.25,0.55,5.35,3,13,227,742,2915
4702921684,2016-03-31,6963,5.65,0.0,0.0,5.65,0,0,256,759,2895
4702921684,2016-04-01,7165,5.81,0.0,0.37,5.44,0,9,248,708,2923
4702921684,2016-04-02,10328,8.38,0.0,1.46,6.92,0,32,367,475,3323
4702921684,2016-04-03,12116,9.83,0.25,2.85,6.72,3,57,323,471,3357
4702921684,2016-04-04,7810,6.36,0.48,1.2,4.68,6,27,216,746,2931
4702921684,2016-04-05,6670,5.41,1.24,0.8,3.37,15,16,199,770,2848
4702921684,2016-04-06,7605,6.18,0.33,0.21,5.63,4,4,248,708,2943
4702921684,2016-04-07,6585,5.34,0.0,0.0,5.34,0,0,210,770,2822
4702921684,2016-04-08,8184,6.64,0.0,0.62,5.95,0,15,247,808,2981
4702921684,2016-04-09,14002,11.36,0.61,2.68,8.06,8,56,381,407,3597
4702921684,2016-04-10,11135,9.03,0.08,1.16,7.79,1,25,331,528,3224
4702921684,2016-04-11,6499,5.27,0.0,0.0,5.27,0,0,207,809,2677
4702921684,2016-04-12,0,0.0,0.0,0.0,0.0,0,0,0,1440,0
5553957443,2016-04-01,12409,8.1,2.9,0.63,4.58,51,12,235,782,2142
5553957443,2016-04-02,2937,1.92,0.0,0.0,1.91,0,0,181,356,1615
5553957443,2016-04-03,1515,0.99,0.0,0.0,0.99,0,0,93,507,1481
5553957443,2016-04-04,8921,5.88,2.07,0.44,3.36,27,8,198,754,1892
5553957443,2016-04-05,11306,7.38,2.31,0.98,4.09,40,26,218,772,2086
5553957443,2016-04-06,12252,8.0,2.41,1.7,3.89,33,28,229,745,2044
5553957443,2016-04-07,15444,10.08,3.27,1.73,5.08,51,39,243,731,2249
5553957443,2016-04-08,9938,6.49,2.14,1.28,3.08,38,24,193,767,2019
5553957443,2016-04-09,4599,3.0,0.0,0.0,3.0,0,0,176,578,1692
5553957443,2016-04-10,5594,3.65,0.28,1.48,1.89,4,25,150,552,1712
5553957443,2016-04-11,11906,7.77,2.26,1.52,3.99,32,27,234,688,2065
5553957443,2016-04-12,3436,2.24,0.5,0.67,1.05,7,11,50,61,633
5577150313,2016-04-01,10461,7.87,4.76,0.85,2.25,99,31,142,721,3625
5577150313,2016-04-02,14873,11.11,8.19,0.6,2.31,202,36,153,663,4430
5577150313,2016-04-03,9917,7.41,1.99,0.97,4.44,58,27,240,700,3427
5577150313,2016-04-04,7401,5.56,2.32,0.36,2.88,70,19,204,689,3492
5577150313,2016-04-05,8964,6.7,3.97,0.19,2.53,107,18,145,756,3597
5577150313,2016-04-06,11080,8.3,3.13,1.37,3.81,83,52,190,695,3765
5577150313,2016-04-07,4499,3.36,0.89,0.26,2.21,31,11,146,756,2775
5577150313,2016-04-08,4363,3.26,0.13,0.06,3.08,8,2,156,813,2486
5577150313,2016-04-09,10494,7.84,4.91,0.78,2.15,123,62,138,601,3817
5577150313,2016-04-10,9776,7.38,2.93,1.43,3.02,80,35,162,721,3378
5577150313,2016-04-11,2862,2.14,1.04,0.25,0.84,39,17,54,209,1511
6117666160,2016-04-01,7444,5.62,0.0,0.0,5.62,0,0,286,568,2210
6117666160,2016-04-02,19658,14.84,0.24,2.09,12.51,3,30,475,466,2884
6117666160,2016-04-03,0,0.0,0.0,0.0,0.0,0,0,0,1440,1496
6117666160,2016-04-04,8468,6.39,0.18,0.64,5.57,2,11,279,1148,2262
6117666160,2016-04-05,9910,7.48,0.0,0.0,7.48,0,0,384,990,2445
6117666160,2016-04-06,12409,9.37,0.0,0.0,9.37,0,0,491,388,2694
6117666160,2016-04-07,4853,3.66,0.0,0.0,3.66,0,0,156,770,1903
6117666160,2016-04-08,8955,6.76,0.0,0.0,6.73,0,0,422,1018,2482
6117666160,2016-04-09,10789,8.15,0.0,0.0,8.15,0,0,506,413,2617
6117666160,2016-04-10,0,0.0,0.0,0.0,0.0,0,0,0,1440,0
6290855005,2016-04-01,6633,5.01,0.0,0.0,5.01,0,0,280,1160,2778
6290855005,2016-04-02,9548,7.22,2.02,3.68,1.52,25,107,113,1195,3119
6290855005,2016-04-03,0,0.0,0.0,0.0,0.0,33,0,0,1407,2664
6290855005,2016-04-04,0,0.0,0.0,0.0,0.0,0,0,0,1440,2060
6290855005,2016-04-05,0,0.0,0.0,0.0,0.0,0,0,0,1440,2060
6290855005,2016-04-06,0,0.0,0.0,0.0,0.0,0,0,0,1440,2060
6290855005,2016-04-07,0,0.0,0.0,0.0,0.0,0,0,0,1440,2060
6290855005,2016-04-08,0,0.0,0.0,0.0,0.0,0,0,0,1440,2060
6290855005,2016-04-09,0,0.0,0.0,0.0,0.0,0,0,0,1440,2060
6290855005,2016-04-10,0,0.0,0.0,0.0,0.0,20,0,0,494,735
6391747486,2016-04-01,0,0.0,0.0,0.0,0.0,0,0,0,1440,1820
6391747486,2016-04-02,2101,2.03,2.03,0.0,0.0,46,0,0,1394,2224
6391747486,2016-04-03,0,0.0,0.0,0.0,0.0,0,0,0,1440,1820
6391747486,2016-04-04,0,0.0,0.0,0.0,0.0,0,0,0,1440,1820
6391747486,2016-04-05,9766,7.51,0.0,0.05,7.46,0,6,301,1133,2442
6391747486,2016-04-06,165,0.13,0.0,0.0,0.13,0,0,8,1432,1849
6391747486,2016-04-07,0,0.0,0.0,0.0,0.0,0,0,0,1440,1822
6391747486,2016-04-08,0,0.0,0.0,0.0,0.0,0,0,0,1440,1820
6391747486,2016-04-09,0,0.0,0.0,0.0,0.0,0,0,0,198,251
6775888955,2016-04-01,7225,5.18,1.73,1.27,2.18,25,50,163,1189,3065
6775888955,2016-04-02,1988,1.43,0.0,0.0,1.43,0,0,79,909,2207
6775888955,2016-04-03,1577,1.13,0.07,0.89,0.17,1,17,8,1414,1977
6775888955,2016-04-04,0,0.0,0.0,0.0,0.0,0,0,0,1440,1841
6775888955,2016-04-05,9348,6.7,1.13,2.04,3.14,56,133,240,1011,4286
6775888955,2016-04-06,11761,8.43,1.31,2.44,4.68,24,99,300,550,3920
6775888955,2016-04-07,13987,10.03,2.87,3.34,3.82,46,114,250,739,3856
6775888955,2016-04-08,4131,2.96,1.37,0.61,0.98,27,30,75,1308,2584
6775888955,2016-04-09,14,0.01,0.0,0.0,0.01,0,0,1,601,787
6962181067,2016-03-30,15491,10.24,1.29,4.49,4.46,18,77,272,641,2244
6962181067,2016-03-31,14097,9.32,3.5,1.92,3.9,50,32,234,595,2188
6962181067,2016-04-01,10467,6.98,0.7,2.43,3.85,9,45,252,602,2014
6962181067,2016-04-02,12437,8.3,3.76,1.29,3.24,50,24,219,732,2115
6962181067,2016-04-03,12307,8.14,1.01,3.26,3.87,14,51,218,589,2055
6962181067,2016-04-04,18952,12.8,5.91,1.23,5.66,73,20,327,570,2437
6962181067,2016-04-05,12010,7.94,2.38,0.95,4.61,38,17,287,692,2158
6962181067,2016-04-06,12480,8.86,4.18,0.69,4.0,55,14,276,593,2170
6962181067,2016-04-07,13417,9.65,3.39,1.25,4.91,45,16,284,665,2244
6962181067,2016-04-08,14400,10.88,2.47,2.88,5.53,27,37,276,697,2188
6962181067,2016-04-09,12495,8.26,2.21,1.09,4.96,33,19,324,609,2231
6962181067,2016-04-10,10148,6.71,1.36,0.22,5.13,19,7,306,679,2100
6962181067,2016-04-11,12362,9.09,1.09,2.73,5.27,21,38,297,678,2188
6962181067,2016-04-12,5893,3.9,2.88,0.56,0.46,43,9,48,146,917
7007744171,2016-04-01,11680,9.06,4.49,0.33,4.24,50,7,244,1139,2573
7007744171,2016-04-02,10976,7.34,0.55,0.67,6.13,9,16,271,1075,2575
7007744171,2016-04-03,16806,11.24,6.41,1.37,3.47,104,31,230,1002,3086
7007744171,2016-04-04,15266,11.4,5.8,0.76,4.79,70,21,292,1057,2886
7007744171,2016-04-05,12084,9.14,4.39,0.46,4.29,50,6,284,1030,2676
7007744171,2016-04-06,13513,10.25,5.35,0.33,4.56,64,8,270,1098,2811
7007744171,2016-04-07,14100,10.58,5.1,1.19,4.28,61,33,265,1015,2840
7007744171,2016-04-08,12627,9.65,4.7,0.74,4.21,54,22,301,1063,2871
7007744171,2016-04-09,10345,6.92,0.07,0.27,6.58,2,6,358,1074,2613
7007744171,2016-04-10,10146,6.79,0.07,0.61,6.11,1,12,397,1030,2700
7007744171,2016-04-11,12168,8.14,1.05,0.79,6.29,18,27,375,1020,2871
7007744171,2016-04-12,7413,5.77,4.5,0.34,0.94,53,6,43,405,1023
7086361926,2016-04-01,11463,7.67,2.83,1.89,2.93,38,30,154,777,2496
7086361926,2016-04-02,87,0.02,0.0,0.0,0.01,0,0,2,872,1641
7086361926,2016-04-03,1949,1.31,0.23,0.35,0.73,3,6,27,1404,1794
7086361926,2016-04-04,6101,3.87,0.53,0.23,3.1,31,24,138,1247,2421
7086361926,2016-04-05,7478,4.99,1.8,0.53,2.61,25,33,132,1159,2439
7086361926,2016-04-06,7352,4.73,1.41,0.78,2.53,19,14,124,814,2233
7086361926,2016-04-07,14604,10.82,7.23,1.12,2.43,76,30,127,695,2862
7086361926,2016-04-08,9634,6.52,2.5,1.4,2.59,50,48,140,797,2752
7086361926,2016-04-09,7338,4.67,1.08,0.13,3.46,27,5,204,717,2519
7086361926,2016-04-10,569,0.35,0.0,0.0,0.34,0,0,27,1368,1799
7086361926,2016-04-11,6242,3.92,0.74,0.23,2.93,46,22,126,741,2543
7086361926,2016-04-12,430,0.26,0.0,0.0,0.26,0,0,14,75,625
8053475328,2016-04-02,20188,15.62,12.06,0.85,2.71,124,19,172,1125,3377
8053475328,2016-04-03,25701,20.14,16.82,1.63,1.69,165,36,97,1142,3697
8053475328,2016-04-04,17395,13.21,9.67,0.18,3.35,100,4,213,1123,3209
8053475328,2016-04-05,17167,13.41,9.96,0.31,3.14,98,8,184,1150,3167
8053475328,2016-04-06,16435,12.42,8.96,0.55,2.91,100,14,191,1135,3122
8053475328,2016-04-07,17078,13.2,9.97,0.24,2.99,101,6,190,1143,3176
8053475328,2016-04-08,11693,9.54,6.77,0.26,2.5,60,6,153,1221,2790
8053475328,2016-04-09,11159,9.14,6.69,0.25,2.19,59,6,120,1255,2715
8053475328,2016-04-10,10118,7.73,3.05,0.8,3.88,30,18,207,1185,2684
8053475328,2016-04-11,16064,12.72,9.98,0.36,2.38,96,8,155,1181,3097
8053475328,2016-04-12,290,0.21,0.0,0.0,0.21,0,0,16,599,791
8253242879,2016-04-01,0,0.0,0.0,0.0,0.0,0,0,0,1440,1429
8253242879,2016-04-02,0,0.0,0.0,0.0,0.0,0,0,0,1440,1429
8253242879,2016-04-03,0,0.0,0.0,0.0,0.0,0,0,0,1440,1429
8253242879,2016-04-04,0,0.0,0.0,0.0,0.0,0,0,0,1440,1429
8253242879,2016-04-05,0,0.0,0.0,0.0,0.0,0,0,0,1440,1429
8253242879,2016-04-06,1931,1.28,0.0,0.0,1.28,0,0,94,1346,1607
8253242879,2016-04-07,5181,3.42,1.0,0.91,1.51,15,15,107,1303,1776
8253242879,2016-04-08,12026,9.15,5.7,0.93,2.51,47,13,150,1230,2162
8253242879,2016-04-09,5360,3.54,0.54,1.55,1.46,8,28,148,1256,1832
8253242879,2016-04-10,2545,1.68,0.0,0.0,1.67,0,0,126,1314,1657
8253242879,2016-04-11,1636,1.08,0.0,0.0,1.08,0,0,86,1139,1377
8253242879,2016-04-12,0,0.0,0.0,0.0,0.0,0,0,0,1440,0
8378563200,2016-04-01,14179,11.24,6.23,1.06,3.96,73,21,195,719,3669
8378563200,2016-04-02,3358,2.66,0.0,0.0,2.66,0,0,144,657,2702
8378563200,2016-04-03,9152,7.26,1.99,0.82,4.45,25,13,243,600,3304
8378563200,2016-04-04,13935,11.05,4.09,0.79,6.17,105,16,220,658,4234
8378563200,2016-04-05,12846,10.19,5.0,0.75,4.44,113,15,189,686,4128
8378563200,2016-04-06,9124,7.24,0.0,0.25,6.99,55,6,230,728,3798
8378563200,2016-04-07,9725,7.71,2.41,0.53,4.77,83,11,181,670,3839
8378563200,2016-04-08,8350,6.62,1.49,0.53,4.61,72,10,167,868,3713
8378563200,2016-04-09,2240,1.78,0.0,0.0,1.78,0,0,110,843,2606
8378563200,2016-04-10,2631,2.09,0.0,0.0,2.09,0,0,117,727,2624
8378563200,2016-04-11,8837,7.01,1.54,0.88,4.59,74,17,182,811,3775
8378563200,2016-04-12,3246,2.57,0.83,0.71,1.03,65,15,49,243,1882
8583815059,2016-04-01,2174,1.7,0.0,0.0,1.7,0,0,112,1328,2360
8583815059,2016-04-02,3494,2.73,0.0,0.0,2.69,0,0,166,1274,2517
8583815059,2016-04-03,2380,1.86,0.0,0.0,1.86,0,0,131,1309,2400
8583815059,2016-04-04,3159,2.46,0.0,0.0,2.46,0,0,147,1293,2462
8583815059,2016-04-05,6835,5.33,0.37,0.73,4.24,5,15,212,1208,2786
8583815059,2016-04-06,2098,1.64,0.0,0.0,1.63,0,0,112,1328,2354
8583815059,2016-04-07,2816,2.2,0.0,0.0,2.2,0,0,138,1302,2437
8583815059,2016-04-08,1408,1.1,0.0,0.0,1.1,0,0,79,1052,1814
8792009665,2016-04-01,4592,2.94,0.1,0.14,2.7,4,8,176,748,2260
8792009665,2016-04-02,8452,5.41,0.26,0.39,4.76,9,24,328,1079,3004
8792009665,2016-04-03,7238,4.63,0.11,0.23,4.29,2,6,279,636,2667
8792009665,2016-04-04,3821,2.45,0.0,0.22,2.23,0,9,161,675,2229
8792009665,2016-04-05,2332,1.49,0.01,0.18,1.3,1,10,111,904,2100
8792009665,2016-04-06,2121,1.36,0.0,0.0,1.36,0,0,122,855,2114
8792009665,2016-04-07,1291,0.83,0.0,0.0,0.83,0,0,77,888,1961
8792009665,2016-04-08,1467,0.94,0.1,0.21,0.63,2,8,71,912,1953
8792009665,2016-04-09,1022,0.65,0.0,0.0,0.65,0,0,63,739,1890
8792009665,2016-04-10,4605,2.95,0.0,0.0,2.95,0,0,179,1261,2253
8792009665,2016-04-11,178,0.11,0.0,0.0,0.11,0,0,12,1428,1725
8792009665,2016-04-12,20,0.01,0.0,0.0,0.01,0,0,6,598,728
8877689391,2016-04-01,18700,15.82,8.7,0.16,6.91,67,3,247,1123,3527
8877689391,2016-04-02,27572,23.39,14.72,1.21,7.34,116,24,260,1040,4220
8877689391,2016-04-03,15260,8.19,1.8,0.75,5.57,106,17,259,1058,3864
8877689391,2016-04-04,20779,18.41,11.73,0.65,6.0,78,16,208,1138,3662
8877689391,2016-04-05,10695,8.12,0.77,0.18,7.09,10,3,246,1181,2834
8877689391,2016-04-06,24136,20.91,12.22,0.54,8.08,87,16,318,1019,4039
8877689391,2016-04-07,10910,8.42,2.96,0.39,5.03,32,11,212,1185,2947
8877689391,2016-04-08,23014,20.39,11.1,0.63,8.62,70,29,359,982,4196
8877689391,2016-04-09,16470,8.07,0.0,0.02,8.02,90,9,289,1052,3841
8877689391,2016-04-10,28497,27.53,21.92,1.12,4.46,128,46,211,1055,4526
8877689391,2016-04-11,10622,8.06,1.47,0.15,6.37,18,7,225,1190,2820
8877689391,2016-04-12,2350,1.78,0.0,0.0,1.78,0,0,58,531,938
1503960366,2016-04-12,13162,8.5,1.88,0.55,6.06,25,13,328,728,1985
1503960366,2016-04-13,10735,6.97,1.57,0.69,4.71,21,19,217,776,1797
1503960366,2016-04-14,10460,6.74,2.44,0.4,3.91,30,11,181,1218,1776
1503960366,2016-04-15,9762,6.28,2.14,1.26,2.83,29,34,209,726,1745
1503960366,2016-04-16,12669,8.16,2.71,0.41,5.04,36,10,221,773,1863
1503960366,2016-04-17,9705,6.48,3.19,0.78,2.51,38,20,164,539,1728
1503960366,2016-04-18,13019,8.59,3.25,0.64,4.71,42,16,233,1149,1921
1503960366,2016-04-19,15506,9.88,3.53,1.32,5.03,50,31,264,775,2035
1503960366,2016-04-20,10544,6.68,1.96,0.48,4.24,28,12,205,818,1786
1503960366,2016-04-21,9819,6.34,1.34,0.35,4.65,19,8,211,838,1775
1503960366,2016-04-22,12764,8.13,4.76,1.12,2.24,66,27,130,1217,1827
1503960366,2016-04-23,14371,9.04,2.81,0.87,5.36,41,21,262,732,1949
1503960366,2016-04-24,10039,6.41,2.92,0.21,3.28,39,5,238,709,1788
1503960366,2016-04-25,15355,9.8,5.29,0.57,3.94,73,14,216,814,2013
1503960366,2016-04-26,13755,8.79,2.33,0.92,5.54,31,23,279,833,1970
1503960366,2016-04-27,18134,12.21,6.4,0.41,5.41,78,11,243,1108,2159
1503960366,2016-04-28,13154,8.53,3.54,1.16,3.79,48,28,189,782,1898
1503960366,2016-04-29,11181,7.15,1.06,0.5,5.58,16,12,243,815,1837
1503960366,2016-04-30,14673,9.25,3.56,1.42,4.27,52,34,217,712,1947
1503960366,2016-05-01,10602,6.81,2.29,1.6,2.92,33,35,246,730,1820
1503960366,2016-05-02,14727,9.71,3.21,0.57,5.92,41,15,277,798,2004
1503960366,2016-05-03,15103,9.66,3.73,1.05,4.88,50,24,254,816,1990
1503960366,2016-05-04,11100,7.15,2.46,0.87,3.82,36,22,203,1179,1819
1503960366,2016-05-05,14070,8.9,2.92,1.08,4.88,45,24,250,857,1959
1503960366,2016-05-06,12159,8.03,1.97,0.25,5.81,24,6,289,754,1896
1503960366,2016-05-07,11992,7.71,2.46,2.12,3.13,37,46,175,833,1821
1503960366,2016-05-08,10060,6.58,3.53,0.32,2.73,44,8,203,574,1740
1503960366,2016-05-09,12022,7.72,3.45,0.53,3.74,46,11,206,835,1819
1503960366,2016-05-10,12207,7.77,3.35,1.16,3.26,46,31,214,746,1859
1503960366,2016-05-11,12770,8.13,2.56,1.01,4.55,36,23,251,669,1783
1503960366,2016-05-12,0,0.0,0.0,0.0,0.0,0,0,0,1440,0
1624580081,2016-04-12,8163,5.31,0.0,0.0,5.31,0,0,146,1294,1432
1624580081,2016-04-13,7007,4.55,0.0,0.0,4.55,0,0,148,1292,1411
1624580081,2016-04-14,9107,5.92,0.0,0.0,5.91,0,0,236,1204,1572
1624580081,2016-04-15,1510,0.98,0.0,0.0,0.97,0,0,96,1344,1344
1624580081,2016-04-16,5370,3.49,0.0,0.0,3.49,0,0,176,1264,1463
1624580081,2016-04-17,6175,4.06,1.03,1.52,1.49,15,22,127,1276,1554
1624580081,2016-04-18,10536,7.41,2.15,0.62,4.62,17,7,202,1214,1604
1624580081,2016-04-19,2916,1.9,0.0,0.0,1.9,0,0,141,1299,1435
1624580081,2016-04-20,4974,3.23,0.0,0.0,3.23,0,0,151,1289,1446
1624580081,2016-04-21,6349,4.13,0.0,0.0,4.11,0,0,186,1254,1467
1624580081,2016-04-22,4026,2.62,0.0,0.0,2.6,0,0,199,1241,1470
1624580081,2016-04-23,8538,5.55,0.0,0.0,5.54,0,0,227,1213,1562
1624580081,2016-04-24,6076,3.95,1.15,0.91,1.89,16,18,185,1221,1617
1624580081,2016-04-25,6497,4.22,0.0,0.0,4.2,0,0,202,1238,1492
1624580081,2016-04-26,2826,1.84,0.0,0.0,1.83,0,0,140,1300,1402
1624580081,2016-04-27,8367,5.44,1.11,1.87,2.46,17,36,154,1233,1670
1624580081,2016-04-28,2759,1.79,0.0,0.2,1.6,0,5,115,1320,1401
1624580081,2016-04-29,2390,1.55,0.0,0.0,1.55,0,0,150,1290,1404
1624580081,2016-04-30,6474,4.3,0.9,1.28,2.12,11,23,224,1182,1655
1624580081,2016-05-01,36019,28.03,21.92,4.19,1.91,186,63,171,1020,2690
1624580081,2016-05-02,7155,4.93,0.86,0.59,3.47,7,6,166,1261,1497
1624580081,2016-05-03,2100,1.37,0.0,0.0,1.34,0,0,96,1344,1334
1624580081,2016-05-04,2193,1.43,0.0,0.0,1.42,0,0,118,1322,1368
1624580081,2016-05-05,2470,1.61,0.0,0.0,1.58,0,0,117,1323,1370
1624580081,2016-05-06,1727,1.12,0.0,0.0,1.12,0,0,102,1338,1341
1624580081,2016-05-07,2104,1.37,0.0,0.0,1.37,0,0,182,1258,1474
1624580081,2016-05-08,3427,2.23,0.0,0.0,2.22,0,0,152,1288,1427
1624580081,2016-05-09,1732,1.13,0.0,0.0,1.13,0,0,91,1349,1328
1624580081,2016-05-10,2969,1.93,0.0,0.0,1.92,0,0,139,1301,1393
1624580081,2016-05-11,3134,2.04,0.0,0.0,2.04,0,0,112,1328,1359
1624580081,2016-05-12,2971,1.93,0.0,0.0,1.92,0,0,107,890,1002
1644430081,2016-04-12,10694,7.77,0.14,2.3,5.33,2,51,256,1131,3199
1644430081,2016-04-13,8001,5.82,2.28,0.9,2.64,30,16,135,1259,2902
1644430081,2016-04-14,11037,8.02,0.36,2.56,5.1,5,58,252,1125,3226
1644430081,2016-04-15,5263,3.83,0.22,0.15,3.45,3,4,170,1263,2750
1644430081,2016-04-16,15300,11.12,4.1,1.88,5.09,51,42,212,1135,3493
1644430081,2016-04-17,8757,6.37,2.25,0.57,3.55,29,13,186,1212,3011
1644430081,2016-04-18,7132,5.19,1.07,1.67,2.45,15,33,121,1271,2806
1644430081,2016-04-19,11256,8.18,0.36,2.53,5.3,5,58,278,1099,3300
1644430081,2016-04-20,2436,1.77,0.0,0.0,1.76,0,0,125,1315,2430
1644430081,2016-04-21,1223,0.89,0.0,0.0,0.88,0,0,38,1402,2140
1644430081,2016-04-22,3673,2.67,0.0,0.0,2.66,0,0,86,1354,2344
1644430081,2016-04-23,6637,4.83,0.0,0.58,4.25,0,15,160,1265,2677
1644430081,2016-04-24,3321,2.41,0.0,0.0,2.41,0,0,89,1351,2413
1644430081,2016-04-25,3580,2.6,0.59,0.06,1.95,8,1,94,1337,2497
1644430081,2016-04-26,9919,7.21,0.8,1.72,4.69,11,41,223,1165,3123
1644430081,2016-04-27,3032,2.2,0.0,0.0,2.2,0,0,118,1322,2489
1644430081,2016-04-28,9405,6.84,0.2,2.32,4.31,3,53,227,1157,3108
1644430081,2016-04-29,3176,2.31,0.0,0.0,2.31,0,0,120,1193,2498
1644430081,2016-04-30,18213,13.24,0.63,3.14,9.46,9,71,402,816,3846
1644430081,2016-05-01,6132,4.46,0.24,0.99,3.23,3,24,146,908,2696
1644430081,2016-05-02,3758,2.73,0.07,0.31,2.35,1,7,148,682,2580
1644430081,2016-05-03,12850,9.34,0.72,4.09,4.54,10,94,221,1115,3324
1644430081,2016-05-04,2309,1.68,0.0,0.0,1.66,0,0,52,1388,2222
1644430081,2016-05-05,4363,3.19,0.52,0.54,2.13,6,12,81,1341,2463
1644430081,2016-05-06,9787,7.12,0.82,0.27,6.01,11,6,369,1054,3328
1644430081,2016-05-07,13372,9.72,3.26,0.79,5.67,41,17,243,1139,3404
1644430081,2016-05-08,6724,4.89,0.0,0.0,4.88,0,0,295,991,2987
1644430081,2016-05-09,6643,4.83,2.39,0.35,2.09,32,6,303,1099,3008
1644430081,2016-05-10,9167,6.66,0.88,0.81,4.97,12,19,155,1254,2799
1644430081,2016-05-11,1329,0.97,0.0,0.0,0.95,0,0,49,713,1276
1844505072,2016-04-12,6697,4.43,0.0,0.0,4.43,0,0,339,1101,2030
1844505072,2016-04-13,4929,3.26,0.0,0.0,3.26,0,0,248,1192,1860
1844505072,2016-04-14,7937,5.25,0.0,0.0,5.23,0,0,373,843,2130
1844505072,2016-04-15,3844,2.54,0.0,0.0,2.54,0,0,176,527,1725
1844505072,2016-04-16,3414,2.26,0.0,0.0,2.26,0,0,147,1293,1657
1844505072,2016-04-17,4525,2.99,0.14,0.26,2.59,2,8,199,1231,1793
1844505072,2016-04-18,4597,3.04,0.0,0.48,2.56,0,12,217,1211,1814
1844505072,2016-04-19,197,0.13,0.0,0.0,0.13,0,0,10,1430,1366
1844505072,2016-04-20,8,0.01,0.0,0.0,0.01,0,0,1,1439,1349
1844505072,2016-04-21,8054,5.32,0.12,0.52,4.68,2,13,308,1117,2062
1844505072,2016-04-22,5372,3.55,0.0,0.0,3.55,0,0,220,1220,1827
1844505072,2016-04-23,3570,2.36,0.0,0.0,2.36,0,0,139,1301,1645
1844505072,2016-04-24,0,0.0,0.0,0.0,0.0,0,0,0,1440,1347
1844505072,2016-04-25,0,0.0,0.0,0.0,0.0,0,0,0,1440,1347
1844505072,2016-04-26,0,0.0,0.0,0.0,0.0,0,0,0,1440,1347
1844505072,2016-04-27,4,0.0,0.0,0.0,0.0,0,0,1,1439,1348
1844505072,2016-04-28,6907,4.57,0.0,0.0,4.56,0,0,302,1138,1992
1844505072,2016-04-29,4920,3.25,0.0,0.0,3.25,0,0,247,1082,1856
1844505072,2016-04-30,4014,2.67,0.0,0.0,2.65,0,0,184,218,1763
1844505072,2016-05-01,2573,1.7,0.0,0.26,1.45,0,7,75,585,1541
1844505072,2016-05-02,0,0.0,0.0,0.0,0.0,0,0,0,1440,1348
1844505072,2016-05-03,4059,2.68,0.0,0.0,2.68,0,0,184,1256,1742
1844505072,2016-05-04,2080,1.37,0.0,0.0,1.37,0,0,87,1353,1549
1844505072,2016-05-05,2237,1.48,0.0,0.0,1.48,0,0,120,1320,1589
1844505072,2016-05-06,44,0.03,0.0,0.0,0.03,0,0,2,1438,1351
1844505072,2016-05-07,0,0.0,0.0,0.0,0.0,0,0,0,1440,1347
1844505072,2016-05-08,0,0.0,0.0,0.0,0.0,0,0,0,1440,1347
1844505072,2016-05-09,0,0.0,0.0,0.0,0.0,0,0,0,1440,1347
1844505072,2016-05-10,0,0.0,0.0,0.0,0.0,0,0,0,1440,1347
1844505072,2016-05-11,0,0.0,0.0,0.0,0.0,0,0,0,1440,1347
1844505072,2016-05-12,0,0.0,0.0,0.0,0.0,0,0,0,711,665
1927972279,2016-04-12,678,0.47,0.0,0.0,0.47,0,0,55,734,2220
1927972279,2016-04-13,356,0.25,0.0,0.0,0.25,0,0,32,986,2151
1927972279,2016-04-14,2163,1.5,0.0,0.4,1.1,0,9,88,1292,2383
1927972279,2016-04-15,980,0.68,0.0,0.0,0.68,0,0,51,941,2221
1927972279,2016-04-16,0,0.0,0.0,0.0,0.0,0,0,0,1440,2064
1927972279,2016-04-17,0,0.0,0.0,0.0,0.0,0,0,0,1440,2063
1927972279,2016-04-18,244,0.17,0.0,0.0,0.17,0,0,17,1423,2111
1927972279,2016-04-19,0,0.0,0.0,0.0,0.0,0,0,0,1440,2063
1927972279,2016-04-20,0,0.0,0.0,0.0,0.0,0,0,0,1440,2063
1927972279,2016-04-21,0,0.0,0.0,0.0,0.0,0,0,0,1440,2064
1927972279,2016-04-22,149,0.1,0.0,0.0,0.1,0,0,10,1430,2093
1927972279,2016-04-23,2945,2.04,0.0,0.0,2.04,0,0,145,1295,2499
1927972279,2016-04-24,2090,1.45,0.07,0.24,1.14,1,6,75,1358,2324
1927972279,2016-04-25,152,0.11,0.0,0.0,0.11,0,0,12,1303,2100
1927972279,2016-04-26,3761,2.6,0.0,0.0,2.6,0,0,192,1058,2638
1927972279,2016-04-27,0,0.0,0.0,0.0,0.0,0,0,0,1440,2063
1927972279,2016-04-28,1675,1.16,0.0,0.0,1.16,0,0,95,1167,2351
1927972279,2016-04-29,0,0.0,0.0,0.0,0.0,0,0,0,1440,2063
1927972279,2016-04-30,0,0.0,0.0,0.0,0.0,0,0,0,1440,2064
1927972279,2016-05-01,2704,1.87,1.01,0.03,0.83,14,1,70,1355,2411
1927972279,2016-05-02,3790,2.62,1.16,0.3,1.16,16,8,94,1322,2505
1927972279,2016-05-03,1326,0.92,0.73,0.0,0.18,10,0,17,1413,2195
1927972279,2016-05-04,1786,1.24,0.0,0.0,1.24,0,0,87,1353,2338
1927972279,2016-05-05,0,0.0,0.0,0.0,0.0,0,0,0,1440,2063
1927972279,2016-05-06,2091,1.45,0.0,0.0,1.45,0,0,108,1332,2383
1927972279,2016-05-07,1510,1.04,0.0,0.0,1.04,0,0,48,1392,2229
1927972279,2016-05-08,0,0.0,0.0,0.0,0.0,0,0,0,1440,2063
1927972279,2016-05-09,0,0.0,0.0,0.0,0.0,0,0,0,1440,2063
1927972279,2016-05-10,0,0.0,0.0,0.0,0.0,0,0,0,1440,2063
1927972279,2016-05-11,0,0.0,0.0,0.0,0.0,0,0,0,1440,2063
1927972279,2016-05-12,0,0.0,0.0,0.0,0.0,0,0,0,966,1383
2022484408,2016-04-12,11875,8.34,3.31,0.77,4.26,42,14,227,1157,2390
2022484408,2016-04-13,12024,8.5,2.99,0.1,5.41,43,5,292,1100,2601
2022484408,2016-04-14,10690,7.5,2.48,0.21,4.82,32,3,257,1148,2312
2022484408,2016-04-15,11034,8.03,1.94,0.31,5.78,27,9,282,1122,2525
2022484408,2016-04-16,10100,7.09,3.15,0.55,3.39,41,11,151,1237,2177
2022484408,2016-04-17,15112,11.4,3.87,0.66,6.88,28,29,331,1052,2782
2022484408,2016-04-18,14131,10.07,3.64,0.12,6.3,48,3,311,1078,2770
2022484408,2016-04-19,11548,8.53,3.29,0.24,5.0,31,7,250,1152,2489
2022484408,2016-04-20,15112,10.67,3.34,1.93,5.4,48,63,276,1053,2897
2022484408,2016-04-21,12453,8.74,3.33,1.11,4.31,104,53,255,1028,3158
2022484408,2016-04-22,12954,9.33,4.43,0.42,4.47,52,10,273,1105,2638
2022484408,2016-04-23,6001,4.21,0.0,0.0,4.21,0,0,249,1191,2069
2022484408,2016-04-24,13481,10.28,4.55,1.15,4.58,37,26,216,1161,2529
2022484408,2016-04-25,11369,8.01,3.33,0.22,4.46,44,8,217,1171,2470
2022484408,2016-04-26,10119,7.19,1.43,0.66,5.11,55,24,275,1086,2793
2022484408,2016-04-27,10159,7.13,1.04,0.97,5.12,19,20,282,1119,2463
2022484408,2016-04-28,10140,7.12,0.41,1.33,5.39,6,20,291,1123,2296
2022484408,2016-04-29,10245,7.19,0.48,1.21,5.5,21,40,281,1098,2611
2022484408,2016-04-30,18387,12.91,0.94,1.4,10.57,13,23,361,1043,2732
2022484408,2016-05-01,10538,7.4,1.94,0.96,4.5,25,28,245,1142,2380
2022484408,2016-05-02,10379,7.29,2.61,0.34,4.33,36,8,277,1119,2473
2022484408,2016-05-03,12183,8.74,3.99,0.46,4.28,72,14,250,1104,2752
2022484408,2016-05-04,11768,8.29,2.51,0.93,4.85,36,27,272,1105,2649
2022484408,2016-05-05,11895,8.35,2.79,0.86,4.7,55,20,253,1112,2609
2022484408,2016-05-06,10227,7.18,1.87,0.67,4.64,24,17,295,1104,2498
2022484408,2016-05-07,6708,4.71,1.61,0.08,3.02,20,2,149,1269,1995
2022484408,2016-05-08,3292,2.31,0.0,0.0,2.31,0,0,135,1305,1848
2022484408,2016-05-09,13379,9.39,2.12,1.63,5.64,35,47,297,1061,2709
2022484408,2016-05-10,12798,8.98,2.22,1.21,5.56,57,28,271,1084,2797
2022484408,2016-05-11,13272,9.32,4.18,1.15,3.99,58,25,224,1133,2544
2022484408,2016-05-12,9117,6.41,1.28,0.67,4.44,16,16,236,728,1853
2026352035,2016-04-12,4414,2.74,0.19,0.35,2.2,3,8,181,706,1459
2026352035,2016-04-13,4993,3.1,0.0,0.0,3.1,0,0,238,663,1521
2026352035,2016-04-14,3335,2.07,0.0,0.0,2.05,0,0,197,653,1431
2026352035,2016-04-15,3821,2.37,0.0,0.0,2.37,0,0,188,687,1444
2026352035,2016-04-16,2547,1.58,0.0,0.0,1.58,0,0,150,728,1373
2026352035,2016-04-17,838,0.52,0.0,0.0,0.52,0,0,60,1053,1214
2026352035,2016-04-18,3325,2.06,0.0,0.0,2.06,0,0,182,1062,1419
2026352035,2016-04-19,2424,1.5,0.0,0.0,1.5,0,0,141,785,1356
2026352035,2016-04-20,7222,4.48,0.0,0.0,4.48,0,0,327,623,1667
2026352035,2016-04-21,2467,1.53,0.0,0.0,1.53,0,0,153,749,1370
2026352035,2016-04-22,2915,1.81,0.0,0.0,1.81,0,0,162,712,1399
2026352035,2016-04-23,12357,7.71,0.0,0.0,7.71,0,0,432,458,1916
2026352035,2016-04-24,3490,2.16,0.0,0.0,2.16,0,0,164,704,1401
2026352035,2016-04-25,6017,3.73,0.0,0.0,3.73,0,0,260,821,1576
2026352035,2016-04-26,5933,3.68,0.0,0.0,3.68,0,0,288,1018,1595
2026352035,2016-04-27,6088,3.77,0.0,0.0,3.77,0,0,286,586,1593
2026352035,2016-04-28,6375,3.95,0.0,0.0,3.95,0,0,331,626,1649
2026352035,2016-04-29,7604,4.71,0.0,0.0,4.71,0,0,352,492,1692
2026352035,2016-04-30,4729,2.93,0.0,0.0,2.93,0,0,233,594,1506
2026352035,2016-05-01,3609,2.28,0.0,0.0,2.28,0,0,191,716,1447
2026352035,2016-05-02,7018,4.35,0.0,0.0,4.35,0,0,355,716,1690
2026352035,2016-05-03,5992,3.72,0.0,0.0,3.72,0,0,304,981,1604
2026352035,2016-05-04,6564,4.07,0.0,0.0,4.07,0,0,345,530,1658
2026352035,2016-05-05,12167,7.54,0.0,0.0,7.54,0,0,475,479,1926
2026352035,2016-05-06,8198,5.08,0.0,0.0,5.08,0,0,383,511,1736
2026352035,2016-05-07,4193,2.6,0.0,0.0,2.6,0,0,229,665,1491
2026352035,2016-05-08,5528,3.45,0.0,0.0,3.45,0,0,258,610,1555
2026352035,2016-05-09,10685,6.62,0.0,0.0,6.6,0,0,401,543,1869
2026352035,2016-05-10,254,0.16,0.0,0.0,0.16,0,0,17,1002,1141
2026352035,2016-05-11,8580,5.32,0.0,0.0,5.32,0,0,330,569,1698
2026352035,2016-05-12,8891,5.51,0.0,0.0,5.51,0,0,343,330,1364
2320127002,2016-04-12,10725,7.49,1.17,0.31,6.01,13,9,306,1112,2124
2320127002,2016-04-13,7275,4.9,0.0,0.0,4.9,0,0,335,1105,2003
2320127002,2016-04-14,3973,2.68,0.0,0.0,2.68,0,0,191,1249,1696
2320127002,2016-04-15,5205,3.51,0.0,0.0,3.51,0,0,245,1195,1801
2320127002,2016-04-16,5057,3.41,0.0,0.0,3.4,0,0,195,1245,1724
2320127002,2016-04-17,6198,4.18,0.0,0.0,4.18,0,0,249,1191,1852
2320127002,2016-04-18,6559,4.42,0.0,0.26,4.14,0,7,260,1173,1905
2320127002,2016-04-19,5997,4.04,0.0,0.38,3.66,0,11,228,1201,1811
2320127002,2016-04-20,7192,4.85,0.0,0.49,4.34,0,11,283,1146,1922
2320127002,2016-04-21,3404,2.29,0.06,0.42,1.81,1,10,127,1302,1610
2320127002,2016-04-22,5583,3.76,0.0,0.0,3.76,0,0,266,1174,1851
2320127002,2016-04-23,5079,3.42,0.0,0.0,3.42,0,0,242,1129,1804
2320127002,2016-04-24,4165,2.81,0.0,0.0,2.8,0,0,204,1236,1725
2320127002,2016-04-25,3588,2.42,0.23,0.2,1.99,3,5,152,1280,1654
2320127002,2016-04-26,3409,2.3,0.0,0.0,2.3,0,0,147,1293,1632
2320127002,2016-04-27,1715,1.16,0.0,0.0,1.16,0,0,82,1358,1481
2320127002,2016-04-28,1532,1.03,0.0,0.0,1.03,0,0,76,1364,1473
2320127002,2016-04-29,924,0.62,0.0,0.0,0.62,0,0,45,1395,1410
2320127002,2016-04-30,4571,3.08,0.0,0.0,3.07,0,0,234,1206,1779
2320127002,2016-05-01,772,0.52,0.0,0.0,0.52,0,0,40,1400,1403
2320127002,2016-05-02,3634,2.45,0.36,0.21,1.88,5,6,123,1306,1613
2320127002,2016-05-03,7443,5.02,1.49,0.37,3.16,20,10,206,1204,1878
2320127002,2016-05-04,1201,0.81,0.0,0.0,0.81,0,0,52,1388,1426
2320127002,2016-05-05,5202,3.51,0.0,0.39,3.11,0,11,223,1206,1780
2320127002,2016-05-06,4878,3.29,0.0,0.0,3.29,0,0,204,1236,1742
2320127002,2016-05-07,7379,4.97,0.0,0.0,4.97,0,0,319,1121,1972
2320127002,2016-05-08,5161,3.48,0.0,0.0,3.47,0,0,247,1193,1821
2320127002,2016-05-09,3090,2.08,0.0,0.0,2.08,0,0,145,1295,1630
2320127002,2016-05-10,6227,4.2,0.0,0.0,4.2,0,0,290,1150,1899
2320127002,2016-05-11,6424,4.33,0.0,0.0,4.33,0,0,300,1140,1903
2320127002,2016-05-12,2661,1.79,0.0,0.0,1.79,0,0,128,830,1125
2347167796,2016-04-12,10113,6.83,2.0,0.62,4.2,28,13,320,964,2344
2347167796,2016-04-13,10352,7.01,1.66,1.94,3.41,19,32,195,676,2038
2347167796,2016-04-14,10129,6.7,0.02,2.74,3.94,1,48,206,705,2010
2347167796,2016-04-15,10465,6.92,0.07,1.42,5.43,1,24,284,720,2133
2347167796,2016-04-16,22244,15.08,5.45,4.1,5.53,66,72,268,968,2670
2347167796,2016-04-17,5472,3.62,0.08,0.28,3.26,1,7,249,508,1882
2347167796,2016-04-18,8247,5.45,0.79,0.86,3.79,11,16,206,678,1944
2347167796,2016-04-19,6711,4.44,0.0,0.0,4.44,0,7,382,648,2346
2347167796,2016-04-20,10999,7.27,0.68,1.81,4.78,11,43,269,1011,2198
2347167796,2016-04-21,10080,6.75,1.85,1.53,3.38,23,26,208,761,2048
2347167796,2016-04-22,7804,5.16,0.56,1.68,2.92,9,27,206,781,1946
2347167796,2016-04-23,16901,11.37,2.78,1.45,7.15,32,35,360,591,2629
2347167796,2016-04-24,9471,6.26,0.0,0.0,6.26,0,0,360,584,2187
2347167796,2016-04-25,9482,6.38,1.27,0.52,4.6,15,11,277,653,2095
2347167796,2016-04-26,5980,3.95,0.0,0.0,3.95,0,0,227,732,1861
2347167796,2016-04-27,11423,7.58,1.86,0.4,5.32,26,9,295,623,2194
2347167796,2016-04-28,5439,3.6,0.0,0.0,3.6,0,0,229,764,1854
2347167796,2016-04-29,42,0.03,0.0,0.0,0.03,0,0,4,2,403
2873212765,2016-04-12,8796,5.91,0.11,0.93,4.88,2,21,356,1061,1982
2873212765,2016-04-13,7618,5.12,0.0,0.22,4.88,0,8,404,1028,2004
2873212765,2016-04-14,7910,5.32,0.0,0.0,5.32,0,0,331,1109,1893
2873212765,2016-04-15,8482,5.7,0.0,0.0,5.69,0,0,448,992,2063
2873212765,2016-04-16,9685,6.65,3.11,0.02,3.51,47,1,305,1087,2148
2873212765,2016-04-17,2524,1.7,0.0,0.35,1.34,0,8,160,1272,1529
2873212765,2016-04-18,7762,5.24,0.07,0.28,4.89,1,6,311,1122,1890
2873212765,2016-04-19,7948,5.37,0.0,0.0,5.36,0,0,389,1051,1956
2873212765,2016-04-20,9202,6.3,1.51,0.12,4.66,22,5,378,1035,2094
2873212765,2016-04-21,8859,5.98,0.13,0.37,5.47,2,10,371,1057,1970
2873212765,2016-04-22,7286,4.9,0.46,0.0,4.42,46,0,366,1028,2241
2873212765,2016-04-23,9317,6.35,2.09,0.23,4.02,28,5,330,1077,2021
2873212765,2016-04-24,6873,4.68,3.0,0.06,1.62,46,1,190,1203,1898
2873212765,2016-04-25,7373,4.95,0.0,0.0,4.95,0,0,359,1081,1907
2873212765,2016-04-26,8242,5.54,0.12,0.18,5.24,2,5,309,1124,1882
2873212765,2016-04-27,3516,2.36,0.0,0.0,2.36,46,0,197,1197,1966
2873212765,2016-04-28,7913,5.41,2.16,0.34,2.91,28,7,213,1192,1835
2873212765,2016-04-29,7365,4.95,1.36,1.41,2.18,20,23,206,1191,1780
2873212765,2016-04-30,8452,5.68,0.33,1.08,4.26,5,20,248,1167,1830
2873212765,2016-05-01,7399,4.97,0.49,1.04,3.44,7,18,196,1219,1739
2873212765,2016-05-02,7525,5.06,0.0,0.21,4.83,0,7,334,1099,1878
2873212765,2016-05-03,7412,4.98,0.06,0.25,4.66,1,6,363,1070,1906
2873212765,2016-05-04,8278,5.56,0.0,0.0,5.56,0,0,420,1020,2015
2873212765,2016-05-05,8314,5.61,0.78,0.8,4.03,13,23,311,1093,1971
2873212765,2016-05-06,7063,4.75,0.0,0.12,4.61,0,5,370,1065,1910
2873212765,2016-05-07,4940,3.38,2.28,0.55,0.55,75,11,52,1302,1897
2873212765,2016-05-08,8168,5.54,2.9,0.0,2.64,46,0,326,1068,2096
2873212765,2016-05-09,7726,5.19,0.0,0.0,5.19,0,0,345,1095,1906
2873212765,2016-05-10,8275,5.56,0.0,0.0,5.55,0,0,373,1067,1962
2873212765,2016-05-11,6440,4.33,0.0,0.0,4.32,0,0,319,1121,1826
2873212765,2016-05-12,7566,5.11,0.0,0.0,5.11,0,0,268,720,1431
3372868164,2016-04-12,4747,3.24,0.0,0.0,3.23,0,0,280,1160,1788
3372868164,2016-04-13,9715,6.63,0.99,0.34,5.27,16,8,371,1045,2093
3372868164,2016-04-14,8844,6.03,0.34,1.03,4.65,6,25,370,1039,2065
3372868164,2016-04-15,7451,5.08,0.0,0.0,5.06,0,0,335,1105,1908
3372868164,2016-04-16,6905,4.73,0.0,0.0,4.7,0,0,356,1084,1908
3372868164,2016-04-17,8199,5.88,1.41,0.1,4.36,11,2,322,1105,1964
3372868164,2016-04-18,6798,4.64,1.08,0.2,3.35,20,7,343,1070,2014
3372868164,2016-04-19,7711,5.26,0.0,0.0,5.24,0,0,376,1064,1985
3372868164,2016-04-20,4880,3.33,0.84,0.09,2.38,15,3,274,1148,1867
3372868164,2016-04-21,8857,6.07,1.15,0.26,4.64,18,9,376,1037,2124
3372868164,2016-04-22,3843,2.62,0.0,0.0,2.61,0,0,206,1234,1669
3372868164,2016-04-23,7396,5.07,1.4,0.08,3.58,20,2,303,1115,1995
3372868164,2016-04-24,6731,4.59,0.89,0.19,3.49,14,7,292,1127,1921
3372868164,2016-04-25,5995,4.09,0.0,0.0,4.09,0,0,416,1024,2010
3372868164,2016-04-26,8283,5.79,1.85,0.05,3.87,22,2,333,1083,2057
3372868164,2016-04-27,7904,5.42,1.58,0.63,3.19,24,13,346,1057,2095
3372868164,2016-04-28,5512,3.76,0.0,0.0,3.76,0,0,385,1055,1972
3372868164,2016-04-29,9135,6.23,0.0,0.0,6.22,0,0,402,1038,2044
3372868164,2016-04-30,5250,3.58,1.06,0.09,2.42,17,4,300,1119,1946
3372868164,2016-05-01,3077,2.1,0.0,0.0,2.09,0,0,172,842,1237
3977333714,2016-04-12,8856,5.98,3.06,0.91,2.01,44,19,131,777,1450
3977333714,2016-04-13,10035,6.71,2.03,2.13,2.55,31,46,153,754,1495
3977333714,2016-04-14,7641,5.11,0.32,0.97,3.82,5,23,214,801,1433
3977333714,2016-04-15,9010,6.06,1.05,1.75,3.26,15,42,183,644,1468
3977333714,2016-04-16,13459,9.0,2.03,4.0,2.97,31,83,153,663,1625
3977333714,2016-04-17,10415,6.97,0.7,2.35,3.92,11,58,205,600,1529
3977333714,2016-04-18,11663,7.8,0.25,3.73,3.82,4,95,214,605,1584
3977333714,2016-04-19,12414,8.78,2.24,2.45,3.96,19,67,221,738,1638
3977333714,2016-04-20,11658,7.83,0.2,4.35,3.28,2,98,164,845,1554
3977333714,2016-04-21,6093,4.08,0.0,0.0,4.06,0,0,242,712,1397
3977333714,2016-04-22,8911,5.96,2.33,0.58,3.06,33,12,188,731,1481
3977333714,2016-04-23,12058,8.07,0.0,4.22,3.85,0,92,252,724,1638
3977333714,2016-04-24,14112,10.0,3.27,4.56,2.17,30,95,129,660,1655
3977333714,2016-04-25,11177,8.48,5.62,0.43,2.41,50,9,133,781,1570
3977333714,2016-04-26,11388,7.62,0.45,4.22,2.95,7,95,170,797,1551
3977333714,2016-04-27,7193,5.04,0.0,0.42,4.62,0,10,176,714,1377
3977333714,2016-04-28,7114,4.88,1.37,0.29,3.22,15,8,190,804,1407
3977333714,2016-04-29,10645,7.75,3.74,1.3,2.71,36,32,150,744,1545
3977333714,2016-04-30,13238,9.2,3.69,2.1,3.41,43,52,194,687,1650
3977333714,2016-05-01,10414,7.07,2.67,1.98,2.41,41,40,124,691,1501
3977333714,2016-05-02,16520,11.05,1.54,6.48,3.02,24,143,176,713,1760
3977333714,2016-05-03,14335,9.59,3.32,1.74,4.53,47,41,258,594,1710
3977333714,2016-05-04,13559,9.44,1.81,4.58,2.89,14,96,142,852,1628
3977333714,2016-05-05,12312,8.58,1.76,4.11,2.71,14,88,178,680,1618
3977333714,2016-05-06,11677,8.28,3.11,2.51,2.67,29,55,168,676,1590
3977333714,2016-05-07,11550,7.73,0.0,4.13,3.59,0,86,208,703,1574
3977333714,2016-05-08,13585,9.09,0.68,5.24,3.17,9,116,171,688,1633
3977333714,2016-05-09,14687,10.08,0.77,5.6,3.55,8,122,151,1159,1667
3977333714,2016-05-10,13072,8.78,0.07,5.4,3.31,1,115,196,676,1630
3977333714,2016-05-11,746,0.5,0.37,0.0,0.13,4,0,9,13,52
4020332650,2016-04-12,8539,6.12,0.15,0.24,5.68,4,15,331,712,3654
4020332650,2016-04-13,0,0.0,0.0,0.0,0.0,0,0,0,1440,1981
4020332650,2016-04-14,108,0.08,0.0,0.0,0.03,0,0,3,1437,2011
4020332650,2016-04-15,1882,1.35,0.21,0.36,0.77,36,18,87,1299,2951
4020332650,2016-04-16,1982,1.42,0.45,0.37,0.59,65,21,55,1222,3051
4020332650,2016-04-17,16,0.01,0.0,0.0,0.01,0,0,2,1438,1990
4020332650,2016-04-18,62,0.04,0.0,0.0,0.04,0,0,2,1438,1995
4020332650,2016-04-19,0,0.0,0.0,0.0,0.0,0,0,0,1440,1980
4020332650,2016-04-20,0,0.0,0.0,0.0,0.0,0,0,0,1440,1980
4020332650,2016-04-21,0,0.0,0.0,0.0,0.0,0,0,0,1440,1980
4020332650,2016-04-22,0,0.0,0.0,0.0,0.0,0,0,0,1440,1980
4020332650,2016-04-23,0,0.0,0.0,0.0,0.0,0,0,0,1440,1980
4020332650,2016-04-24,0,0.0,0.0,0.0,0.0,0,0,0,1440,1980
4020332650,2016-04-25,0,0.0,0.0,0.0,0.0,0,0,0,1440,1980
4020332650,2016-04-26,0,0.0,0.0,0.0,0.0,0,0,0,1440,1980
4020332650,2016-04-27,0,0.0,0.0,0.0,0.0,0,0,0,1440,1980
4020332650,2016-04-28,0,0.0,0.0,0.0,0.0,0,0,0,1440,1980
4020332650,2016-04-29,0,0.0,0.0,0.0,0.0,0,0,0,1440,1980
4020332650,2016-04-30,0,0.0,0.0,0.0,0.0,0,0,0,1440,1980
4020332650,2016-05-01,0,0.0,0.0,0.0,0.0,0,0,0,1440,1980
4020332650,2016-05-02,475,0.34,0.0,0.04,0.29,0,11,31,1350,2207
4020332650,2016-05-03,4496,3.22,0.0,0.0,3.15,0,0,174,950,2828
4020332650,2016-05-04,10252,7.35,0.67,1.04,5.58,13,46,346,531,3879
4020332650,2016-05-05,11728,8.43,2.62,1.68,4.04,38,42,196,916,3429
4020332650,2016-05-06,4369,3.13,0.0,0.0,3.1,0,0,177,855,2704
4020332650,2016-05-07,6132,4.4,0.0,0.0,3.58,0,0,184,1256,2975
4020332650,2016-05-08,5862,4.2,0.0,0.0,4.15,0,0,263,775,3089
4020332650,2016-05-09,4556,3.27,0.2,0.12,2.94,3,5,173,1225,2785
4020332650,2016-05-10,5546,3.98,0.0,0.0,3.87,0,0,206,774,2926
4020332650,2016-05-11,3689,2.65,0.11,0.17,2.33,2,8,134,1296,2645
4020332650,2016-05-12,590,0.42,0.0,0.0,0.41,0,0,21,721,1120
4057192912,2016-04-12,5394,4.03,0.0,0.0,3.94,0,0,164,1276,2286
4057192912,2016-04-13,5974,4.47,0.0,0.0,4.37,0,0,160,1280,2306
4057192912,2016-04-14,0,0.0,0.0,0.0,0.0,0,0,0,1440,1776
4057192912,2016-04-15,3984,2.95,0.21,0.26,2.44,3,6,88,873,1527
4319703577,2016-04-12,7753,5.2,0.0,0.0,0.0,0,0,0,1440,2115
4319703577,2016-04-13,8204,5.5,0.53,0.59,1.31,8,15,96,1234,2135
4319703577,2016-04-14,10210,6.88,0.11,0.33,6.44,1,9,339,589,2302
4319703577,2016-04-15,5664,3.8,0.0,0.0,3.8,0,0,228,752,1985
4319703577,2016-04-16,4744,3.18,0.0,0.0,3.18,0,0,194,724,1884
4319703577,2016-04-17,29,0.02,0.0,0.0,0.02,0,0,3,1363,1464
4319703577,2016-04-18,2276,1.55,0.07,0.33,1.12,1,9,58,824,1632
4319703577,2016-04-19,8925,5.99,0.0,0.0,5.99,0,0,311,604,2200
4319703577,2016-04-20,8954,6.01,0.0,0.68,5.31,0,18,306,671,2220
4319703577,2016-04-21,3702,2.48,0.0,0.0,0.35,0,0,34,1265,1792
4319703577,2016-04-22,4500,3.02,0.06,0.81,2.15,1,19,176,709,1886
4319703577,2016-04-23,4935,3.31,0.0,0.0,3.31,0,0,233,546,1945
4319703577,2016-04-24,4081,2.74,0.06,0.2,2.47,1,5,191,692,1880
4319703577,2016-04-25,9259,6.21,0.0,0.28,5.93,0,8,390,544,2314
4319703577,2016-04-26,9899,6.64,0.57,0.92,5.15,8,21,288,649,2236
4319703577,2016-04-27,10780,7.23,0.41,1.92,4.91,6,47,300,680,2324
4319703577,2016-04-28,10817,7.28,1.01,0.33,5.94,13,8,359,552,2367
4319703577,2016-04-29,7990,5.36,0.45,0.79,4.12,6,18,289,624,2175
4319703577,2016-04-30,8221,5.52,0.4,1.61,3.51,6,38,196,695,2092
4319703577,2016-05-01,1251,0.84,0.0,0.0,0.84,0,0,67,836,1593
4319703577,2016-05-02,9261,6.24,0.0,0.44,5.71,0,11,344,585,2270
4319703577,2016-05-03,9648,6.47,0.58,1.07,4.83,8,26,287,669,2235
4319703577,2016-05-04,10429,7.02,0.59,0.58,5.85,8,13,313,1106,2282
4319703577,2016-05-05,13658,9.49,2.63,1.41,5.45,27,34,328,957,2530
4319703577,2016-05-06,9524,6.42,0.41,0.47,5.46,6,11,314,692,2266
4319703577,2016-05-07,7937,5.33,0.19,1.05,4.08,3,28,279,586,2158
4319703577,2016-05-08,3672,2.46,0.0,0.0,2.46,0,0,153,603,1792
4319703577,2016-05-09,10378,6.96,0.14,0.56,6.25,2,14,374,490,2345
4319703577,2016-05-10,9487,6.37,0.21,0.46,5.7,3,12,329,555,2260
4319703577,2016-05-11,9129,6.13,0.2,0.74,5.18,3,18,311,574,2232
4319703577,2016-05-12,17,0.01,0.0,0.0,0.01,0,0,2,0,257
4388161847,2016-04-12,10122,7.78,0.0,0.0,0.0,0,0,0,1440,2955
4388161847,2016-04-13,10993,8.45,0.06,0.63,3.88,1,14,150,1275,3092
4388161847,2016-04-14,8863,6.82,0.13,1.07,5.62,10,35,219,945,2998
4388161847,2016-04-15,8758,6.73,0.0,0.0,6.73,0,0,299,837,3066
4388161847,2016-04-16,6580,5.06,0.21,0.4,4.45,6,9,253,609,3073
4388161847,2016-04-17,4660,3.58,0.0,0.0,3.58,0,0,201,721,2572
4388161847,2016-04-18,11009,9.1,3.56,0.4,5.14,27,8,239,1017,3274
4388161847,2016-04-19,10181,7.83,1.37,0.69,5.77,20,16,249,704,3015
4388161847,2016-04-20,10553,8.12,1.1,1.72,5.29,19,42,228,696,3083
4388161847,2016-04-21,10055,7.73,0.37,0.39,6.98,7,12,272,853,3069
4388161847,2016-04-22,12139,9.34,3.3,1.11,4.92,77,25,220,945,3544
4388161847,2016-04-23,13236,10.18,4.5,0.32,5.35,58,5,215,749,3306
4388161847,2016-04-24,10243,7.88,1.08,0.51,6.3,14,8,239,584,2885
4388161847,2016-04-25,12961,9.97,0.73,1.4,7.84,11,31,301,1054,3288
4388161847,2016-04-26,9461,7.28,0.94,1.06,5.27,14,23,224,673,2929
4388161847,2016-04-27,11193,8.61,0.7,2.51,5.39,11,48,241,684,3074
4388161847,2016-04-28,10074,7.75,1.29,0.43,6.03,19,9,234,878,2969
4388161847,2016-04-29,9232,7.1,0.8,0.89,5.42,13,16,236,1175,2979
4388161847,2016-04-30,12533,9.64,0.7,2.0,6.94,14,43,300,537,3283
4388161847,2016-05-01,10255,7.89,1.01,0.68,6.2,12,15,241,579,2926
4388161847,2016-05-02,10096,8.4,3.77,0.08,4.55,33,4,204,935,3147
4388161847,2016-05-03,12727,9.79,1.13,0.78,7.88,18,18,306,984,3290
4388161847,2016-05-04,12375,9.52,2.79,0.93,5.8,35,21,251,632,3162
4388161847,2016-05-05,9603,7.38,0.63,1.67,5.09,12,39,199,896,2899
4388161847,2016-05-06,13175,10.13,2.11,2.09,5.93,33,45,262,1100,3425
4388161847,2016-05-07,22770,17.54,9.45,2.77,5.33,120,56,260,508,4022
4388161847,2016-05-08,17298,14.38,9.89,1.26,3.23,107,38,178,576,3934
4388161847,2016-05-09,10218,7.86,0.34,0.73,6.79,6,19,258,1020,3013
4388161847,2016-05-10,10299,7.92,0.81,0.65,6.46,13,14,267,648,3061
4388161847,2016-05-11,10201,7.84,0.53,0.79,6.53,8,18,256,858,2954
4388161847,2016-05-12,3369,2.59,0.0,0.0,2.59,0,0,108,825,1623
4445114986,2016-04-12,3276,2.2,0.0,0.0,2.2,0,0,196,787,2113
4445114986,2016-04-13,2961,1.99,0.0,0.0,1.99,0,0,194,840,2095
4445114986,2016-04-14,3974,2.67,0.0,0.0,2.67,0,0,231,717,2194
4445114986,2016-04-15,7198,4.83,0.0,0.0,4.83,0,0,350,711,2496
4445114986,2016-04-16,3945,2.65,0.0,0.0,2.65,0,0,225,716,2180
4445114986,2016-04-17,2268,1.52,0.0,0.0,1.52,0,0,114,1219,1933
4445114986,2016-04-18,6155,4.24,2.0,0.29,1.95,25,6,162,1247,2248
4445114986,2016-04-19,2064,1.39,0.0,0.0,1.39,0,0,121,895,1954
4445114986,2016-04-20,2072,1.39,0.0,0.0,1.39,0,0,137,841,1974
4445114986,2016-04-21,3809,2.56,0.0,0.0,2.54,0,0,215,756,2150
4445114986,2016-04-22,6831,4.58,0.0,0.0,4.58,0,0,317,706,2432
4445114986,2016-04-23,4363,2.93,0.0,0.0,2.93,0,0,201,1239,2149
4445114986,2016-04-24,5002,3.36,0.0,0.0,3.36,0,0,244,1196,2247
4445114986,2016-04-25,3385,2.27,0.0,0.0,2.27,0,0,179,916,2070
4445114986,2016-04-26,6326,4.41,2.41,0.04,1.96,29,1,180,839,2291
4445114986,2016-04-27,7243,5.03,2.62,0.03,2.38,32,1,194,839,2361
4445114986,2016-04-28,4493,3.01,0.0,0.0,3.01,0,0,236,762,2203
4445114986,2016-04-29,4676,3.14,0.0,0.0,3.13,0,0,226,1106,2196
4445114986,2016-04-30,6222,4.18,0.0,0.0,4.18,0,0,290,797,2363
4445114986,2016-05-01,5232,3.51,0.0,0.0,3.51,0,0,240,741,2246
4445114986,2016-05-02,6910,4.75,2.21,0.19,2.35,27,4,200,667,2336
4445114986,2016-05-03,7502,5.18,2.48,0.11,2.58,30,2,233,725,2421
4445114986,2016-05-04,2923,1.96,0.0,0.0,1.96,0,0,180,897,2070
4445114986,2016-05-05,3800,2.55,0.12,0.24,2.18,2,6,185,734,2120
4445114986,2016-05-06,4514,3.03,0.0,0.0,3.03,0,0,229,809,2211
4445114986,2016-05-07,5183,3.59,2.13,0.19,1.25,26,4,108,866,2123
4445114986,2016-05-08,7303,4.9,0.0,0.25,4.65,0,8,308,733,2423
4445114986,2016-05-09,5275,3.54,0.0,0.0,3.54,0,0,266,641,2281
4445114986,2016-05-10,3915,2.63,0.0,0.0,2.63,0,0,231,783,2181
4445114986,2016-05-11,9105,6.11,2.25,1.0,2.86,34,22,232,622,2499
4445114986,2016-05-12,768,0.52,0.0,0.0,0.52,0,0,58,380,1212
4558609924,2016-04-12,5135,3.39,0.0,0.0,3.39,0,0,318,1122,1909
4558609924,2016-04-13,4978,3.29,1.24,0.44,1.61,19,7,127,1287,1722
4558609924,2016-04-14,6799,4.49,0.0,0.0,4.49,0,0,279,1161,1922
4558609924,2016-04-15,7795,5.15,0.59,0.84,3.73,17,30,262,1131,2121
4558609924,2016-04-16,7289,4.82,0.55,0.75,3.5,8,12,308,1112,1997
4558609924,2016-04-17,9634,6.4,0.55,1.14,4.71,7,19,304,1110,2117
4558609924,2016-04-18,8940,5.91,0.98,0.93,4.0,14,15,331,1080,2116
4558609924,2016-04-19,5401,3.57,0.05,0.36,3.16,1,9,248,1182,1876
4558609924,2016-04-20,4803,3.17,0.0,0.0,3.17,0,0,222,1218,1788
4558609924,2016-04-21,13743,9.08,0.42,0.97,7.7,6,21,432,844,2486
4558609924,2016-04-22,9601,6.35,1.37,1.5,3.47,20,25,273,1122,2094
4558609924,2016-04-23,6890,4.55,0.34,0.2,4.01,5,5,308,1122,2085
4558609924,2016-04-24,8563,5.66,0.0,0.0,5.65,0,0,395,1045,2173
4558609924,2016-04-25,8095,5.35,0.59,0.25,4.51,18,10,340,993,2225
4558609924,2016-04-26,9148,6.05,0.43,2.03,3.59,12,41,283,1062,2223
4558609924,2016-04-27,9557,6.32,1.96,0.89,3.46,27,14,312,1087,2098
4558609924,2016-04-28,9451,6.25,0.02,0.27,5.95,1,11,367,985,2185
4558609924,2016-04-29,7833,5.18,1.02,1.85,2.31,15,29,197,1096,1918
4558609924,2016-04-30,10319,6.82,0.47,1.89,4.46,7,29,293,1111,2105
4558609924,2016-05-01,3428,2.27,0.0,0.0,2.27,0,0,190,1121,1692
4558609924,2016-05-02,7891,5.22,0.0,0.0,5.22,0,0,383,1057,2066
4558609924,2016-05-03,5267,3.48,0.6,0.28,2.6,21,10,237,1172,1953
4558609924,2016-05-04,5232,3.46,0.0,0.0,3.46,0,0,252,1188,1842
4558609924,2016-05-05,10611,7.01,1.01,0.5,5.51,14,8,370,1048,2262
4558609924,2016-05-06,3755,2.48,0.0,0.0,2.48,0,0,202,1238,1722
4558609924,2016-05-07,8237,5.44,1.61,1.0,2.83,23,16,233,1116,1973
4558609924,2016-05-08,6543,4.33,1.8,0.5,2.02,66,35,238,1019,2666
4558609924,2016-05-09,11451,7.57,0.43,1.62,5.52,6,30,339,1065,2223
4558609924,2016-05-10,6435,4.25,0.74,1.12,2.39,11,18,220,1191,1889
4558609924,2016-05-11,9108,6.02,0.26,1.82,3.94,4,31,324,1081,2131
4558609924,2016-05-12,6307,4.17,0.0,0.0,4.17,0,0,247,736,1452
4702921684,2016-04-12,7213,5.88,0.0,0.0,5.85,0,0,263,718,2947
4702921684,2016-04-13,6877,5.58,0.0,0.0,5.58,0,0,258,777,2898
4702921684,2016-04-14,7860,6.37,0.0,0.0,6.37,0,0,271,772,2984
4702921684,2016-04-15,6506,5.28,0.07,0.42,4.79,1,8,256,944,2896
4702921684,2016-04-16,11140,9.03,0.24,1.25,7.54,3,24,335,556,3328
4702921684,2016-04-17,12692,10.29,0.96,3.46,5.88,12,66,302,437,3394
4702921684,2016-04-18,9105,7.38,1.82,1.49,4.07,22,30,191,890,3013
4702921684,2016-04-19,6708,5.44,0.88,0.37,4.19,10,8,179,757,2812
4702921684,2016-04-20,8793,7.13,0.16,1.23,5.73,2,29,260,717,3061
4702921684,2016-04-21,6530,5.3,0.31,2.05,2.94,4,41,144,901,2729
4702921684,2016-04-22,1664,1.35,0.0,0.0,1.35,0,0,72,1341,2241
4702921684,2016-04-23,15126,12.27,0.76,3.24,8.27,9,66,408,469,3691
4702921684,2016-04-24,15050,12.22,1.2,5.12,5.88,15,95,281,542,3538
4702921684,2016-04-25,9167,7.43,0.49,0.82,6.11,6,15,270,730,3064
4702921684,2016-04-26,6108,4.95,0.07,0.35,4.54,1,8,216,765,2784
4702921684,2016-04-27,7047,5.72,0.09,0.8,4.78,1,16,238,733,2908
4702921684,2016-04-28,9023,7.32,1.13,0.42,5.77,14,9,232,738,3033
4702921684,2016-04-29,9930,8.05,1.06,0.92,6.07,12,19,267,692,3165
4702921684,2016-04-30,10144,8.23,0.32,2.03,5.88,4,36,263,728,3115
4702921684,2016-05-01,0,0.0,0.0,0.0,0.0,0,0,0,1440,2017
4702921684,2016-05-02,7245,5.92,0.38,1.74,3.76,5,40,195,1131,2859
4702921684,2016-05-03,9454,7.67,0.0,0.0,7.67,0,0,313,729,3145
4702921684,2016-05-04,8161,6.62,0.34,0.73,5.54,4,15,251,757,3004
4702921684,2016-05-05,8614,6.99,0.67,0.22,6.09,8,5,241,745,3006
4702921684,2016-05-06,6943,5.63,0.08,0.66,4.87,1,16,207,682,2859
4702921684,2016-05-07,14370,11.65,0.37,2.31,8.97,5,46,439,577,3683
4702921684,2016-05-08,12857,10.43,0.68,6.21,3.54,9,125,192,1019,3287
4702921684,2016-05-09,8232,6.68,0.0,0.57,6.1,0,12,253,746,2990
4702921684,2016-05-10,10613,8.61,0.08,1.88,6.65,1,37,262,701,3172
4702921684,2016-05-11,9810,7.96,0.78,2.16,4.98,10,41,235,784,3069
4702921684,2016-05-12,2752,2.23,0.0,0.0,2.23,0,0,68,241,1240
5553957443,2016-04-12,11596,7.57,1.37,0.79,5.41,19,13,277,767,2026
5553957443,2016-04-13,4832,3.16,0.0,0.0,3.16,0,0,226,647,1718
5553957443,2016-04-14,17022,11.12,4.0,2.45,4.67,61,41,256,693,2324
5553957443,2016-04-15,16556,10.86,4.16,1.98,4.71,58,38,239,689,2254
5553957443,2016-04-16,5771,3.77,0.0,0.0,3.77,0,0,288,521,1831
5553957443,2016-04-17,655,0.43,0.0,0.0,0.43,0,0,46,943,1397
5553957443,2016-04-18,3727,2.43,0.0,0.0,2.43,0,0,206,622,1683
5553957443,2016-04-19,15482,10.11,4.28,1.66,4.18,69,28,249,756,2284
5553957443,2016-04-20,2713,1.77,0.0,0.0,1.77,0,0,148,598,1570
5553957443,2016-04-21,12346,8.06,2.95,2.16,2.96,47,42,177,801,2066
5553957443,2016-04-22,11682,7.63,1.38,0.63,5.6,25,16,270,781,2105
5553957443,2016-04-23,4112,2.69,0.0,0.0,2.68,0,0,272,443,1776
5553957443,2016-04-24,1807,1.18,0.0,0.0,1.18,0,0,104,582,1507
5553957443,2016-04-25,10946,7.19,2.93,0.57,3.69,51,11,201,732,2033
5553957443,2016-04-26,11886,7.76,2.37,0.93,4.46,40,18,238,750,2093
5553957443,2016-04-27,10538,6.88,1.14,1.0,4.74,16,16,206,745,1922
5553957443,2016-04-28,11393,7.63,3.71,0.75,3.17,49,13,165,727,1999
5553957443,2016-04-29,12764,8.33,2.79,0.64,4.91,46,15,270,709,2169
5553957443,2016-04-30,1202,0.78,0.0,0.0,0.78,0,0,84,506,1463
5553957443,2016-05-01,5164,3.37,0.0,0.0,3.37,0,0,237,436,1747
5553957443,2016-05-02,9769,6.38,1.06,0.41,4.9,23,9,227,724,1996
5553957443,2016-05-03,12848,8.39,1.5,1.2,5.68,26,29,247,812,2116
5553957443,2016-05-04,4249,2.77,0.0,0.0,2.77,0,0,224,651,1698
5553957443,2016-05-05,14331,9.51,3.43,1.66,4.43,44,29,241,692,2156
5553957443,2016-05-06,9632,6.29,1.52,0.54,4.23,21,9,229,761,1916
5553957443,2016-05-07,1868,1.22,0.0,0.0,1.22,0,0,96,902,1494
5553957443,2016-05-08,6083,4.0,0.22,0.47,3.3,3,8,210,505,1762
5553957443,2016-05-09,11611,7.58,2.13,0.89,4.56,59,22,251,667,2272
5553957443,2016-05-10,16358,10.71,3.87,1.61,5.2,61,40,265,707,2335
5553957443,2016-05-11,4926,3.22,0.0,0.0,3.22,0,0,195,628,1693
5553957443,2016-05-12,3121,2.04,0.58,0.4,1.06,8,6,48,222,741
5577150313,2016-04-12,8135,6.08,3.6,0.38,2.1,86,16,140,728,3405
5577150313,2016-04-13,5077,3.79,0.32,0.22,3.25,15,11,144,776,2551
5577150313,2016-04-14,8596,6.42,3.33,0.31,2.78,118,30,176,662,4022
5577150313,2016-04-15,12087,9.08,3.92,1.6,3.56,115,54,199,695,4005
5577150313,2016-04-16,14269,10.66,6.64,1.28,2.73,184,56,158,472,4274
5577150313,2016-04-17,12231,9.14,5.98,0.83,2.32,200,37,159,525,4552
5577150313,2016-04-18,9893,7.39,4.86,0.72,1.82,114,32,130,623,3625
5577150313,2016-04-19,12574,9.42,7.02,0.64,1.76,108,23,111,733,3501
5577150313,2016-04-20,8330,6.22,4.12,0.34,1.76,87,16,113,773,3192
5577150313,2016-04-21,10830,8.09,3.65,1.66,2.78,110,74,175,670,4018
5577150313,2016-04-22,9172,6.85,2.42,0.79,3.3,62,30,200,823,3329
5577150313,2016-04-23,7638,5.71,1.21,0.36,4.14,24,24,223,627,3152
5577150313,2016-04-24,15764,11.78,7.65,2.15,1.98,210,65,141,425,4392
5577150313,2016-04-25,6393,4.78,1.35,0.67,2.76,61,38,214,743,3374
5577150313,2016-04-26,5325,3.98,0.85,0.65,2.47,38,32,181,759,3088
5577150313,2016-04-27,6805,5.14,1.81,0.4,2.93,63,16,190,773,3294
5577150313,2016-04-28,9841,7.43,3.25,1.17,3.01,99,51,141,692,3580
5577150313,2016-04-29,7924,5.92,2.84,0.61,2.47,97,36,165,739,3544
5577150313,2016-04-30,12363,9.24,5.83,0.79,2.61,207,45,163,621,4501
5577150313,2016-05-01,13368,9.99,5.31,1.44,3.24,194,72,178,499,4546
5577150313,2016-05-02,7439,5.56,1.12,0.35,4.07,37,20,235,732,3014
5577150313,2016-05-03,11045,8.25,4.52,0.15,3.57,97,8,212,580,3795
5577150313,2016-05-04,5206,3.89,1.56,0.25,2.08,25,9,141,631,2755
5577150313,2016-05-05,7550,5.64,2.5,0.47,2.67,45,21,143,1153,3004
5577150313,2016-05-06,4950,3.7,1.93,0.32,1.45,41,16,79,1304,2643
5577150313,2016-05-07,0,0.0,0.0,0.0,0.0,0,0,0,1440,1819
5577150313,2016-05-08,0,0.0,0.0,0.0,0.0,0,0,0,1440,1819
5577150313,2016-05-09,3421,2.56,1.43,0.14,0.99,34,11,70,1099,2489
5577150313,2016-05-10,8869,6.65,2.56,0.75,3.35,104,37,194,639,3841
5577150313,2016-05-11,4038,3.04,1.83,0.3,0.89,45,15,63,257,1665
6117666160,2016-04-12,0,0.0,0.0,0.0,0.0,0,0,0,1440,1496
6117666160,2016-04-13,0,0.0,0.0,0.0,0.0,0,0,0,1440,1496
6117666160,2016-04-14,0,0.0,0.0,0.0,0.0,0,0,0,1440,1496
6117666160,2016-04-15,14019,10.59,0.0,0.28,10.3,0,6,513,921,2865
6117666160,2016-04-16,14450,10.91,0.58,0.85,9.48,7,15,518,502,2828
6117666160,2016-04-17,7150,5.4,0.0,0.0,5.4,0,0,312,702,2225
6117666160,2016-04-18,5153,3.91,0.0,0.0,3.89,0,0,241,759,2018
6117666160,2016-04-19,11135,8.41,0.0,0.0,8.41,0,0,480,425,2606
6117666160,2016-04-20,10449,8.02,2.03,0.48,5.52,26,10,349,587,2536
6117666160,2016-04-21,19542,15.01,0.98,0.4,5.62,11,19,294,579,4900
6117666160,2016-04-22,8206,6.2,0.0,0.0,6.2,0,0,402,413,2409
6117666160,2016-04-23,11495,8.68,0.0,0.0,8.68,0,0,512,468,2651
6117666160,2016-04-24,7623,5.76,0.0,0.0,5.76,0,0,362,711,2305
6117666160,2016-04-25,0,0.0,0.0,0.0,0.0,0,0,0,1440,1497
6117666160,2016-04-26,9543,7.21,0.0,0.34,6.87,0,7,352,1077,2450
6117666160,2016-04-27,9411,7.11,0.0,0.0,7.11,0,0,458,417,2576
6117666160,2016-04-28,3403,2.6,0.0,0.0,2.6,0,0,141,758,1879
6117666160,2016-04-29,9592,7.24,0.0,0.0,7.24,0,0,461,479,2560
6117666160,2016-04-30,6987,5.28,0.0,0.0,5.28,0,0,343,1040,2275
6117666160,2016-05-01,8915,6.73,0.0,0.0,6.73,0,0,397,525,2361
6117666160,2016-05-02,4933,3.73,0.0,0.0,3.73,0,0,236,1204,2044
6117666160,2016-05-03,0,0.0,0.0,0.0,0.0,0,0,0,1440,1496
6117666160,2016-05-04,2997,2.26,0.0,0.0,2.26,0,0,156,1279,1902
6117666160,2016-05-05,9799,7.4,0.0,0.0,7.4,0,0,487,479,2636
6117666160,2016-05-06,3365,2.68,0.0,0.0,2.68,0,0,133,673,1838
6117666160,2016-05-07,7336,5.54,0.0,0.0,5.54,0,0,412,456,2469
6117666160,2016-05-08,7328,5.53,0.0,0.0,5.53,0,0,318,517,2250
6117666160,2016-05-09,4477,3.38,0.0,0.0,3.38,0,0,197,125,1248
6290855005,2016-04-12,4562,3.45,0.0,0.0,3.45,0,0,199,1241,2560
6290855005,2016-04-13,7142,5.4,0.0,0.0,5.39,0,0,350,1090,2905
6290855005,2016-04-14,7671,5.8,0.0,0.0,5.77,0,0,363,1077,2952
6290855005,2016-04-15,9501,7.18,0.0,0.0,7.17,0,0,328,1112,2896
6290855005,2016-04-16,8301,6.28,0.0,0.0,6.27,0,0,258,1182,2783
6290855005,2016-04-17,7851,5.94,1.14,0.79,4.0,31,12,225,1172,3171
6290855005,2016-04-18,6885,5.21,0.0,0.0,5.19,0,0,271,1169,2766
6290855005,2016-04-19,7142,5.4,0.0,0.0,5.39,0,0,321,1119,2839
6290855005,2016-04-20,6361,4.81,0.0,0.0,4.8,0,0,258,1182,2701
6290855005,2016-04-21,0,0.0,0.0,0.0,0.0,0,0,0,1440,2060
6290855005,2016-04-22,6238,4.72,0.0,0.0,4.72,0,0,302,1138,2796
6290855005,2016-04-23,0,0.0,0.0,0.0,0.0,33,0,0,1407,2664
6290855005,2016-04-24,5896,4.46,0.0,0.0,4.46,0,0,258,1182,2703
6290855005,2016-04-25,7802,5.9,0.68,0.18,5.03,8,3,249,1180,2771
6290855005,2016-04-26,0,0.0,0.0,0.0,0.0,0,0,0,1440,2060
6290855005,2016-04-27,5565,4.21,0.0,0.0,4.18,0,0,287,1153,2743
6290855005,2016-04-28,5731,4.33,0.0,0.0,4.33,0,0,255,1185,2687
6290855005,2016-04-29,0,0.0,0.0,0.0,0.0,0,0,0,1440,2060
6290855005,2016-04-30,6744,5.1,0.0,0.0,5.09,0,0,324,1116,2843
6290855005,2016-05-01,9837,7.44,0.66,2.75,4.0,8,95,282,1055,3327
6290855005,2016-05-02,6781,5.13,0.0,0.0,5.11,0,0,268,1172,2725
6290855005,2016-05-03,6047,4.57,0.0,0.0,4.57,0,0,240,1200,2671
6290855005,2016-05-04,5832,4.41,0.0,0.0,4.4,0,0,272,1168,2718
6290855005,2016-05-05,6339,4.79,0.0,0.0,4.79,0,0,239,1201,2682
6290855005,2016-05-06,6116,4.62,0.0,0.0,4.59,0,0,305,1135,2806
6290855005,2016-05-07,5510,4.17,0.0,0.0,4.16,0,0,227,1213,2613
6290855005,2016-05-08,7706,5.83,0.0,0.0,5.82,0,0,251,1189,2712
6290855005,2016-05-09,6277,4.75,0.0,0.0,4.73,0,0,264,800,2175
6290855005,2016-05-10,0,0.0,0.0,0.0,0.0,0,0,0,1440,0
6775888955,2016-04-12,0,0.0,0.0,0.0,0.0,0,0,0,1440,1841
6775888955,2016-04-13,4053,2.91,1.11,0.58,1.22,17,18,85,1053,2400
6775888955,2016-04-14,5162,3.7,0.87,0.86,1.97,14,24,105,863,2507
6775888955,2016-04-15,1282,0.92,0.0,0.0,0.92,0,0,58,976,2127
6775888955,2016-04-16,4732,3.39,2.52,0.81,0.06,36,18,9,1377,2225
6775888955,2016-04-17,2497,1.79,0.35,1.13,0.31,5,24,19,1392,2067
6775888955,2016-04-18,8294,5.95,2.0,0.77,3.17,30,31,146,1233,2798
6775888955,2016-04-19,0,0.0,0.0,0.0,0.0,0,0,0,1440,1841
6775888955,2016-04-20,10771,7.72,3.77,1.74,2.22,70,113,178,1079,3727
6775888955,2016-04-21,0,0.0,0.0,0.0,0.0,0,0,0,1440,1841
6775888955,2016-04-22,637,0.46,0.0,0.0,0.46,0,0,20,1420,1922
6775888955,2016-04-23,0,0.0,0.0,0.0,0.0,0,0,0,1440,1841
6775888955,2016-04-24,2153,1.54,0.77,0.62,0.15,11,18,11,1400,2053
6775888955,2016-04-25,6474,4.64,2.27,0.46,1.9,33,13,92,1302,2484
6775888955,2016-04-26,7091,5.27,3.48,0.87,0.73,42,30,47,1321,2584
6775888955,2016-04-27,0,0.0,0.0,0.0,0.0,0,0,0,1440,1841
6775888955,2016-04-28,703,0.5,0.06,0.2,0.24,2,13,15,1410,1993
6775888955,2016-04-29,0,0.0,0.0,0.0,0.0,0,0,0,1440,1841
6775888955,2016-04-30,2503,1.79,0.16,0.16,1.48,3,9,84,1344,2280
6775888955,2016-05-01,2487,1.78,0.48,0.62,0.68,9,34,50,1347,2319
6775888955,2016-05-02,0,0.0,0.0,0.0,0.0,0,0,0,1440,1841
6775888955,2016-05-03,9,0.01,0.0,0.0,0.01,0,0,1,1439,1843
6775888955,2016-05-04,0,0.0,0.0,0.0,0.0,0,0,0,1440,1841
6775888955,2016-05-05,0,0.0,0.0,0.0,0.0,0,0,0,1440,1841
6775888955,2016-05-06,4697,3.37,0.47,0.93,1.93,12,35,75,1318,2496
6775888955,2016-05-07,1967,1.41,0.13,0.24,1.05,2,5,49,551,1032
6962181067,2016-04-12,10199,6.74,3.4,0.83,2.51,50,14,189,796,1994
6962181067,2016-04-13,5652,3.74,0.57,1.21,1.96,8,24,142,548,1718
6962181067,2016-04-14,1551,1.03,0.0,0.0,1.03,0,0,86,862,1466
6962181067,2016-04-15,5563,3.68,0.0,0.0,3.68,0,0,217,837,1756
6962181067,2016-04-16,13217,8.74,3.66,0.19,4.88,50,3,280,741,2173
6962181067,2016-04-17,10145,6.71,0.33,0.68,5.69,5,13,295,634,2027
6962181067,2016-04-18,11404,7.54,0.83,2.39,4.32,13,42,238,689,2039
6962181067,2016-04-19,10742,7.1,2.1,2.13,2.87,35,41,195,659,2046
6962181067,2016-04-20,13928,9.55,4.28,0.19,5.09,48,4,297,639,2174
6962181067,2016-04-21,11835,9.71,3.99,2.1,3.51,53,27,214,708,2179
6962181067,2016-04-22,10725,7.09,1.77,1.55,3.77,30,33,240,659,2086
6962181067,2016-04-23,20031,13.24,4.2,2.0,7.04,58,41,347,484,2571
6962181067,2016-04-24,5029,3.32,0.0,0.0,3.32,0,0,199,720,1705
6962181067,2016-04-25,13239,9.27,3.02,1.68,4.46,35,31,282,637,2194
6962181067,2016-04-26,10433,6.9,2.58,0.42,3.9,36,7,254,680,2012
6962181067,2016-04-27,10320,6.82,0.55,2.02,4.25,7,38,279,697,2034
6962181067,2016-04-28,12627,8.35,2.51,0.24,5.59,38,8,288,621,2182
6962181067,2016-04-29,10762,7.11,0.82,0.48,5.81,12,15,369,645,2254
6962181067,2016-04-30,10081,6.66,2.24,0.76,3.67,32,16,237,731,2002
6962181067,2016-05-01,5454,3.61,0.0,0.0,3.61,0,0,215,722,1740
6962181067,2016-05-02,12912,8.54,1.2,2.0,5.34,18,39,313,655,2162
6962181067,2016-05-03,12109,8.12,1.74,2.04,4.33,21,36,267,654,2072
6962181067,2016-05-04,10147,6.71,0.47,1.68,4.55,15,36,284,683,2086
6962181067,2016-05-05,10524,6.96,0.99,1.16,4.81,14,22,305,591,2066
6962181067,2016-05-06,5908,3.91,0.0,0.0,3.91,0,0,299,717,1850
6962181067,2016-05-07,6815,4.5,0.0,0.0,4.5,0,0,328,745,1947
6962181067,2016-05-08,4188,2.77,0.0,0.52,2.25,0,14,151,709,1659
6962181067,2016-05-09,12342,8.72,3.9,1.18,3.65,43,21,231,607,2105
6962181067,2016-05-10,15448,10.21,3.47,1.75,4.99,62,34,275,626,2361
6962181067,2016-05-11,6722,4.44,1.49,0.31,2.65,24,7,199,709,1855
6962181067,2016-05-12,3587,2.37,0.0,0.25,2.11,0,8,105,127,928
7007744171,2016-04-12,14172,10.29,4.5,0.38,5.41,53,8,355,1024,2937
7007744171,2016-04-13,12862,9.65,4.61,0.56,4.48,56,22,261,1101,2742
7007744171,2016-04-14,11179,8.24,2.95,0.34,4.96,34,6,304,1096,2668
7007744171,2016-04-15,5273,3.53,0.0,0.0,3.53,0,0,202,1238,2098
7007744171,2016-04-16,4631,3.1,0.0,0.0,3.1,0,0,203,1155,2076
7007744171,2016-04-17,8059,5.39,0.0,0.0,5.39,0,0,305,1135,2383
7007744171,2016-04-18,14816,10.98,3.79,2.12,5.05,48,31,284,1077,2832
7007744171,2016-04-19,14194,10.48,4.41,0.76,5.31,53,17,304,1066,2812
7007744171,2016-04-20,15566,11.31,4.79,0.67,5.86,60,33,347,1000,3096
7007744171,2016-04-21,13744,9.19,2.15,1.87,5.17,30,34,327,1049,2763
7007744171,2016-04-22,15299,10.24,4.1,1.76,4.37,64,50,261,1065,2889
7007744171,2016-04-23,8093,5.41,0.13,1.13,4.15,2,25,223,1190,2284
7007744171,2016-04-24,11085,7.42,0.0,0.0,7.42,0,0,419,1021,2667
7007744171,2016-04-25,18229,13.34,4.31,1.37,7.67,51,24,379,986,3055
7007744171,2016-04-26,15090,10.1,0.93,0.94,8.23,16,22,424,978,2939
7007744171,2016-04-27,13541,10.22,4.27,0.66,5.29,50,12,337,1041,2830
7007744171,2016-04-28,15128,10.12,1.09,0.77,8.26,16,16,401,1007,2836
7007744171,2016-04-29,20067,14.3,4.31,2.05,7.95,55,42,382,961,3180
7007744171,2016-04-30,3761,2.52,0.0,0.0,2.52,0,0,200,1240,2051
7007744171,2016-05-01,5600,3.75,0.0,0.0,3.75,0,0,237,1142,2225
7007744171,2016-05-02,13041,9.18,4.64,0.7,3.83,64,14,250,1112,2642
7007744171,2016-05-03,14510,10.87,4.48,1.02,5.36,58,31,330,1021,2976
7007744171,2016-05-04,0,0.0,0.0,0.0,0.0,0,0,0,1440,1557
7007744171,2016-05-05,15010,11.1,4.33,1.29,5.48,53,23,317,1047,2933
7007744171,2016-05-06,11459,7.67,3.0,0.81,3.86,44,13,247,1136,2553
7007744171,2016-05-07,0,0.0,0.0,0.0,0.0,0,0,0,111,120
7086361926,2016-04-12,11317,8.41,5.27,0.15,2.97,59,6,153,745,2772
7086361926,2016-04-13,5813,3.62,0.56,0.21,2.84,31,26,155,744,2516
7086361926,2016-04-14,9123,6.12,2.03,0.33,3.66,35,32,189,787,2734
7086361926,2016-04-15,8585,5.67,2.04,1.11,2.53,30,21,139,864,2395
7086361926,2016-04-16,31,0.01,0.0,0.0,0.01,0,0,3,1437,1635
7086361926,2016-04-17,0,0.0,0.0,0.0,0.0,0,0,0,1440,1629
7086361926,2016-04-18,9827,6.71,3.17,1.22,2.31,61,51,114,1136,2743
7086361926,2016-04-19,10688,7.29,3.53,1.23,2.51,67,69,124,671,2944
7086361926,2016-04-20,14365,10.64,7.64,0.45,2.54,87,13,145,797,2997
7086361926,2016-04-21,9469,6.18,1.36,0.3,4.51,19,6,206,758,2463
7086361926,2016-04-22,9753,6.53,2.87,0.97,2.67,58,59,153,762,2846
7086361926,2016-04-23,2817,1.81,0.0,0.0,1.8,0,0,90,1350,1965
7086361926,2016-04-24,3520,2.16,0.0,0.0,2.15,0,0,125,566,2049
7086361926,2016-04-25,10091,6.82,3.75,0.7,2.37,69,39,129,706,2752
7086361926,2016-04-26,10387,7.07,4.16,0.77,2.12,70,33,132,726,2781
7086361926,2016-04-27,11107,8.34,5.63,0.18,2.53,55,6,145,829,2693
7086361926,2016-04-28,11584,7.8,2.79,1.64,3.36,54,48,161,810,2862
7086361926,2016-04-29,7881,4.95,0.49,0.45,4.0,24,36,182,1198,2616
7086361926,2016-04-30,14560,9.41,3.12,1.04,5.24,42,17,308,584,2995
7086361926,2016-05-01,12390,8.07,2.3,0.9,4.85,30,15,258,685,2730
7086361926,2016-05-02,10052,6.81,3.48,0.66,2.66,66,26,139,737,2754
7086361926,2016-05-03,10288,6.76,2.74,0.85,3.16,57,36,152,761,2754
7086361926,2016-05-04,10988,8.31,5.28,0.12,2.9,45,12,135,843,2655
7086361926,2016-05-05,8564,5.6,1.78,0.83,2.95,24,14,149,1253,2386
7086361926,2016-05-06,12461,8.38,3.82,1.43,3.12,84,35,154,834,2924
7086361926,2016-05-07,12827,8.48,1.46,2.33,4.68,20,42,209,621,2739
7086361926,2016-05-08,10677,7.1,2.31,1.53,3.25,32,27,147,695,2534
7086361926,2016-05-09,13566,9.11,4.26,1.71,3.12,67,50,171,743,2960
7086361926,2016-05-10,14433,10.79,7.11,1.2,2.45,72,23,106,1182,2800
7086361926,2016-05-11,9572,6.52,2.89,1.39,2.23,57,40,128,757,2735
7086361926,2016-05-12,3789,2.56,0.38,0.27,1.89,5,4,58,343,1199
8053475328,2016-04-12,18060,14.12,11.64,0.39,2.1,116,8,123,1193,3186
8053475328,2016-04-13,16433,13.35,10.43,0.47,2.45,95,12,156,1177,3140
8053475328,2016-04-14,20159,15.97,12.34,0.21,3.36,119,5,193,1123,3411
8053475328,2016-04-15,20669,16.24,13.26,0.39,2.59,132,8,158,1142,3410
8053475328,2016-04-16,14549,11.11,9.36,0.27,1.49,96,6,83,1255,2867
8053475328,2016-04-17,18827,13.69,9.24,0.8,3.64,111,21,195,1113,3213
8053475328,2016-04-18,17076,12.66,9.08,0.23,3.35,102,6,195,1137,3133
8053475328,2016-04-19,15929,12.48,9.22,0.31,2.95,90,7,191,1152,3114
8053475328,2016-04-20,15108,12.19,9.58,0.23,2.38,89,5,158,695,3043
8053475328,2016-04-21,16057,12.51,9.67,0.25,2.58,100,6,170,1164,3103
8053475328,2016-04-22,10520,8.29,6.26,0.15,1.88,60,3,117,1260,2655
8053475328,2016-04-23,22359,17.19,12.54,0.63,4.02,125,14,223,741,3554
8053475328,2016-04-24,22988,17.95,13.13,1.55,3.26,129,33,182,1096,3577
8053475328,2016-04-25,20500,15.69,11.37,0.46,3.86,118,9,209,1104,3403
8053475328,2016-04-26,12685,9.62,6.31,0.2,3.1,68,5,185,1182,2846
8053475328,2016-04-27,12422,9.82,6.46,0.43,2.93,60,10,183,1187,2852
8053475328,2016-04-28,15447,12.4,9.67,0.39,2.35,90,9,153,1188,3062
8053475328,2016-04-29,12315,9.65,6.17,0.31,3.17,58,8,159,1215,2794
8053475328,2016-04-30,7135,5.59,2.99,0.06,2.54,27,1,131,1281,2408
8053475328,2016-05-01,1170,0.85,0.0,0.0,0.85,0,0,51,1389,1886
8053475328,2016-05-02,1969,1.43,0.0,0.0,1.43,0,0,95,1345,1988
8053475328,2016-05-03,15484,11.9,8.39,0.93,2.59,87,22,165,1166,3023
8053475328,2016-05-04,14581,11.15,8.82,0.4,1.91,89,8,123,1220,2918
8053475328,2016-05-05,14990,11.51,8.85,0.45,2.21,93,9,130,1208,2950
8053475328,2016-05-06,13953,11.0,9.1,0.69,1.21,90,15,90,1245,2859
8053475328,2016-05-07,19769,15.67,12.44,0.88,2.35,121,20,148,1076,3331
8053475328,2016-05-08,22026,17.65,13.4,0.59,3.66,125,14,228,1073,3589
8053475328,2016-05-09,12465,9.38,6.12,0.57,2.69,66,12,148,1214,2765
8053475328,2016-05-10,14810,11.36,9.09,0.42,1.85,96,10,115,1219,2926
8053475328,2016-05-11,12209,9.4,6.08,0.28,3.04,60,7,184,1189,2809
8053475328,2016-05-12,4998,3.91,2.95,0.2,0.76,28,4,39,839,1505
8253242879,2016-04-12,9033,7.16,5.43,0.14,1.59,40,2,154,1244,2044
8253242879,2016-04-13,8053,6.1,4.17,0.63,1.31,35,11,96,1298,1935
8253242879,2016-04-14,5234,3.46,1.93,0.99,0.54,29,16,33,1362,1705
8253242879,2016-04-15,2672,1.77,0.0,0.0,1.76,0,0,105,1335,1632
8253242879,2016-04-16,9256,6.14,0.43,3.27,2.45,6,51,115,1268,1880
8253242879,2016-04-17,10204,7.91,5.43,0.15,2.33,41,5,157,1237,2112
8253242879,2016-04-18,5151,3.48,1.04,0.63,1.8,16,16,130,1278,1829
8253242879,2016-04-19,4212,2.78,0.0,0.0,2.78,0,0,164,1276,1763
8253242879,2016-04-20,6466,4.27,0.33,0.82,3.11,5,18,216,1201,1931
8253242879,2016-04-21,11268,8.56,5.88,0.93,1.75,49,20,172,1199,2218
8253242879,2016-04-22,2824,1.87,0.0,0.0,1.87,0,0,120,1320,1651
8253242879,2016-04-23,9282,6.26,2.09,1.04,3.13,30,26,191,1193,2132
8253242879,2016-04-24,8905,7.13,5.6,0.19,1.34,41,4,82,1313,1976
8253242879,2016-04-25,6829,4.51,0.36,2.39,1.77,7,54,118,1261,1909
8253242879,2016-04-26,4562,3.04,1.18,0.49,1.37,19,14,108,1299,1813
8253242879,2016-04-27,10232,8.18,6.24,0.23,1.7,45,5,104,1286,2008
8253242879,2016-04-28,2718,1.8,0.67,0.78,0.34,11,16,20,1393,1580
8253242879,2016-04-29,6260,4.26,1.29,0.54,2.4,16,14,136,1257,1854
8253242879,2016-04-30,0,0.0,0.0,0.0,0.0,0,0,0,1440,0
8378563200,2016-04-12,7626,6.05,0.83,0.71,4.5,65,15,156,723,3635
8378563200,2016-04-13,12386,9.82,4.96,0.65,4.21,116,14,169,680,4079
8378563200,2016-04-14,13318,10.56,5.62,1.03,3.91,123,21,174,699,4163
8378563200,2016-04-15,14461,11.47,4.91,1.15,5.41,60,23,190,729,3666
8378563200,2016-04-16,11207,8.89,5.37,1.07,2.44,64,21,142,563,3363
8378563200,2016-04-17,2132,1.69,0.0,0.0,1.69,0,0,93,599,2572
8378563200,2016-04-18,13630,10.81,5.05,0.56,5.2,117,10,174,720,4157
8378563200,2016-04-19,13070,10.36,5.3,0.88,4.18,120,19,154,737,4092
8378563200,2016-04-20,9388,7.44,2.23,0.44,4.78,82,8,169,763,3787
8378563200,2016-04-21,15148,12.01,6.9,0.82,4.29,137,16,145,677,4236
8378563200,2016-04-22,12200,9.67,4.91,0.59,4.18,113,12,159,769,4044
8378563200,2016-04-23,5709,4.53,1.52,0.52,2.48,19,10,136,740,2908
8378563200,2016-04-24,3703,2.94,0.0,0.0,2.94,0,0,135,734,2741
8378563200,2016-04-25,12405,9.84,5.05,0.87,3.92,117,16,141,692,4005
8378563200,2016-04-26,16208,12.85,7.51,0.92,4.42,90,18,161,593,3763
8378563200,2016-04-27,7359,5.84,0.33,0.18,5.33,4,4,192,676,3061
8378563200,2016-04-28,5417,4.3,0.9,0.49,2.91,11,10,139,711,2884
8378563200,2016-04-29,6175,4.9,0.25,0.36,4.27,3,7,172,767,2982
8378563200,2016-04-30,2946,2.34,0.0,0.0,2.34,0,0,121,780,2660
8378563200,2016-05-01,11419,9.06,6.03,0.56,2.47,71,10,127,669,3369
8378563200,2016-05-02,6064,4.81,0.63,0.17,4.01,63,4,142,802,3491
8378563200,2016-05-03,8712,6.91,1.34,1.06,4.5,71,20,195,822,3784
8378563200,2016-05-04,7875,6.24,1.56,0.49,4.2,19,10,167,680,3110
8378563200,2016-05-05,8567,6.79,0.89,0.16,5.74,66,3,214,764,3783
8378563200,2016-05-06,7045,5.59,1.55,0.25,3.78,74,5,166,831,3644
8378563200,2016-05-07,4468,3.54,0.0,0.0,3.54,0,0,158,851,2799
8378563200,2016-05-08,2943,2.33,0.0,0.0,2.33,0,0,139,621,2685
8378563200,2016-05-09,8382,6.65,1.27,0.66,4.72,71,13,171,772,3721
8378563200,2016-05-10,6582,5.22,0.66,0.64,3.92,63,13,152,840,3586
8378563200,2016-05-11,9143,7.25,1.39,0.59,5.27,72,10,184,763,3788
8378563200,2016-05-12,4561,3.62,0.65,0.27,2.69,8,6,102,433,1976
8583815059,2016-04-12,5014,3.91,0.0,0.33,3.58,0,7,196,1237,2650
8583815059,2016-04-13,5571,4.35,0.15,0.97,3.23,2,23,163,1252,2654
8583815059,2016-04-14,3135,2.45,0.0,0.0,2.43,0,0,134,1306,2443
8583815059,2016-04-15,3430,2.68,0.0,0.0,0.9,0,0,65,1375,2505
8583815059,2016-04-16,5319,4.15,0.0,0.0,0.0,0,0,0,1440,2693
8583815059,2016-04-17,3008,2.35,0.0,0.0,0.0,0,0,0,1440,2439
8583815059,2016-04-18,3864,3.01,0.31,1.06,1.35,4,22,105,1309,2536
8583815059,2016-04-19,5697,4.44,0.53,0.48,3.44,7,10,166,1257,2668
8583815059,2016-04-20,5273,4.11,0.0,1.04,3.07,0,27,167,1246,2647
8583815059,2016-04-21,8538,6.66,2.63,1.02,3.01,35,18,158,1229,2883
8583815059,2016-04-22,8687,6.78,0.29,2.41,4.08,4,54,212,1170,2944
8583815059,2016-04-23,9423,7.35,0.53,2.03,4.75,7,44,238,1151,3012
8583815059,2016-04-24,8286,6.46,0.15,2.05,4.27,2,44,206,1188,2889
8583815059,2016-04-25,4503,3.51,1.47,0.24,1.81,18,6,122,1294,2547
8583815059,2016-04-26,10499,8.19,0.07,4.22,3.89,1,91,214,1134,3093
8583815059,2016-04-27,12474,9.73,6.6,0.27,2.87,77,5,129,1229,3142
8583815059,2016-04-28,6174,4.82,0.0,1.2,3.61,0,28,203,1209,2757
8583815059,2016-04-29,15168,11.83,3.9,3.0,4.92,46,67,258,1069,3513
8583815059,2016-04-30,10085,7.87,0.15,1.28,6.43,2,28,317,1093,3164
8583815059,2016-05-01,4512,3.52,0.78,0.12,2.04,10,2,117,1311,2596
8583815059,2016-05-02,8469,6.61,0.0,0.0,0.0,0,0,0,1440,2894
8583815059,2016-05-03,12015,9.37,0.0,0.0,0.0,0,0,0,1440,3212
8583815059,2016-05-04,3588,2.8,0.0,0.0,0.0,0,0,0,1440,2516
8583815059,2016-05-05,12427,9.69,0.0,0.0,1.18,0,0,70,1370,3266
8583815059,2016-05-06,5843,4.56,0.14,1.19,3.23,2,22,166,1250,2683
8583815059,2016-05-07,6117,4.77,0.0,0.0,4.77,0,0,250,1190,2810
8583815059,2016-05-08,9217,7.19,0.22,3.31,3.66,3,72,182,1183,2940
8583815059,2016-05-09,9877,7.7,5.76,0.17,1.73,66,4,110,1260,2947
8583815059,2016-05-10,8240,6.43,0.69,2.01,3.72,9,43,162,1226,2846
8583815059,2016-05-11,8701,6.79,0.37,3.24,3.17,5,71,177,1106,2804
8583815059,2016-05-12,0,0.0,0.0,0.0,0.0,0,0,0,1440,0
8792009665,2016-04-12,2564,1.64,0.0,0.0,1.64,0,0,116,831,2044
8792009665,2016-04-13,1320,0.84,0.0,0.0,0.84,0,0,82,806,1934
8792009665,2016-04-14,1219,0.78,0.0,0.0,0.78,0,0,84,853,1963
8792009665,2016-04-15,2483,1.59,0.0,0.0,1.59,0,0,126,937,2009
8792009665,2016-04-16,244,0.16,0.0,0.0,0.16,0,0,12,1428,1721
8792009665,2016-04-17,0,0.0,0.0,0.0,0.0,0,0,0,1440,1688
8792009665,2016-04-18,0,0.0,0.0,0.0,0.0,0,0,0,1440,1688
8792009665,2016-04-19,0,0.0,0.0,0.0,0.0,0,0,0,1440,1688
8792009665,2016-04-20,3147,2.01,0.0,0.28,1.74,0,10,139,744,2188
8792009665,2016-04-21,144,0.09,0.0,0.0,0.09,0,0,9,1431,1720
8792009665,2016-04-22,4068,2.6,0.05,0.28,2.27,1,20,195,817,2419
8792009665,2016-04-23,5245,3.36,0.16,0.44,2.75,8,45,232,795,2748
8792009665,2016-04-24,400,0.26,0.04,0.05,0.16,3,8,19,1410,1799
8792009665,2016-04-25,0,0.0,0.0,0.0,0.0,0,0,0,1440,1688
8792009665,2016-04-26,1321,0.85,0.0,0.0,0.85,0,0,80,1360,1928
8792009665,2016-04-27,1758,1.13,0.0,0.0,1.13,0,0,112,900,2067
8792009665,2016-04-28,6157,3.94,0.0,0.0,3.94,0,0,310,714,2780
8792009665,2016-04-29,8360,5.35,0.14,0.28,4.93,6,14,380,634,3101
8792009665,2016-04-30,7174,4.59,0.33,0.36,3.91,10,20,301,749,2896
8792009665,2016-05-01,1619,1.04,0.0,0.0,1.04,0,0,79,834,1962
8792009665,2016-05-02,1831,1.17,0.0,0.0,1.17,0,0,101,916,2015
8792009665,2016-05-03,2421,1.55,0.0,0.0,1.55,0,0,156,739,2297
8792009665,2016-05-04,2283,1.46,0.0,0.0,1.46,0,0,129,848,2067
8792009665,2016-05-05,0,0.0,0.0,0.0,0.0,0,0,0,1440,1688
8792009665,2016-05-06,0,0.0,0.0,0.0,0.0,0,0,0,1440,1688
8792009665,2016-05-07,0,0.0,0.0,0.0,0.0,0,0,0,1440,1688
8792009665,2016-05-08,0,0.0,0.0,0.0,0.0,0,0,0,1440,1688
8792009665,2016-05-09,0,0.0,0.0,0.0,0.0,0,0,0,1440,1688
8792009665,2016-05-10,0,0.0,0.0,0.0,0.0,0,0,0,48,57
8877689391,2016-04-12,23186,20.4,12.22,0.34,7.82,85,7,312,1036,3921
8877689391,2016-04-13,15337,9.58,3.55,0.38,5.64,108,18,216,1098,3566
8877689391,2016-04-14,21129,18.98,10.55,0.59,7.75,68,13,298,1061,3793
8877689391,2016-04-15,13422,7.17,0.05,0.05,7.01,106,1,281,1052,3934
8877689391,2016-04-16,29326,25.29,13.24,1.21,10.71,94,29,429,888,4547
8877689391,2016-04-17,15118,8.87,0.0,0.07,8.79,58,15,307,1060,3545
8877689391,2016-04-18,11423,8.67,2.44,0.27,5.94,29,5,191,1215,2761
8877689391,2016-04-19,18785,17.4,12.15,0.18,5.03,82,13,214,1131,3676
8877689391,2016-04-20,19948,18.11,11.02,0.69,6.34,73,19,225,1123,3679
8877689391,2016-04-21,19377,17.62,12.29,0.42,4.89,82,13,226,1119,3659
8877689391,2016-04-22,18258,16.31,10.23,0.03,5.97,61,2,236,1141,3427
8877689391,2016-04-23,11200,7.43,0.0,0.0,7.4,102,6,300,1032,3891
8877689391,2016-04-24,16674,15.74,11.01,0.01,4.69,64,1,227,1148,3455
8877689391,2016-04-25,12986,8.74,2.37,0.07,6.27,113,8,218,1101,3802
8877689391,2016-04-26,11101,8.43,1.76,0.13,6.5,22,3,258,1157,2860
8877689391,2016-04-27,23629,20.65,13.07,0.44,7.1,93,8,235,1104,3808
8877689391,2016-04-28,14890,11.3,4.93,0.38,5.97,58,8,231,1143,3060
8877689391,2016-04-29,9733,7.39,1.38,0.17,5.79,18,5,210,1207,2698
8877689391,2016-04-30,27745,26.72,21.66,0.08,4.93,124,4,223,1089,4398
8877689391,2016-05-01,10930,8.32,3.13,0.57,4.57,36,12,166,1226,2786
8877689391,2016-05-02,4790,3.64,0.0,0.0,3.56,0,0,105,1335,2189
8877689391,2016-05-03,10818,8.21,1.39,0.1,6.67,19,3,229,1189,2817
8877689391,2016-05-04,18193,16.3,10.42,0.31,5.53,66,8,212,1154,3477
8877689391,2016-05-05,14055,10.67,5.46,0.82,4.37,67,15,188,1170,3052
8877689391,2016-05-06,21727,19.34,12.79,0.29,6.16,96,17,232,1095,4015
8877689391,2016-05-07,12332,8.13,0.08,0.96,6.99,105,28,271,1036,4142
8877689391,2016-05-08,10686,8.11,1.08,0.2,6.8,17,4,245,1174,2847
8877689391,2016-05-09,20226,18.25,11.1,0.8,6.24,73,19,217,1131,3710
8877689391,2016-05-10,10733,8.15,1.35,0.46,6.28,18,11,224,1187,2832
8877689391,2016-05-11,21420,19.56,13.22,0.41,5.89,88,12,213,1127,3832
8877689391,2016-05-12,8064,6.12,1.82,0.04,4.25,23,1,137,770,1849
